variable,raw_value,display_value,n,percent
v022,8,[8] jigawa rural,746,4.147670410319137
v022,24,[24] kebbi rural,698,3.880796174802624
v022,2,[2] sokoto rural,598,3.324808184143223
v022,20,[20] kano rural,598,3.324808184143223
v022,18,[18] bauchi rural,593,3.2970087846102523
v022,10,[10] yobe rural,569,3.1635716668519964
v022,22,[22] kaduna rural,545,3.0301345490937397
v022,14,[14] adamawa rural,512,2.846658512176137
v022,16,[16] gombe rural,505,2.8077393528299788
v022,6,[6] katsina rural,464,2.579784276659624
v022,11,[11] borno urban,456,2.535305237406872
v022,32,[32] plateau rural,424,2.3573890803958637
v022,56,[56] ebonyi rural,418,2.3240298009562994
v022,4,[4] zamfara rural,404,2.246191482263983
v022,26,[26] niger rural,381,2.1183142444123204
v022,19,[19] kano urban,368,2.0460358056265986
v022,73,[73] ogun urban,324,1.8014010897364616
v022,38,[38] kogi rural,321,1.7847214500166797
v022,34,[34] taraba rural,318,1.7680418102968978
v022,30,[30] nasarawa rural,312,1.7346825308573333
v022,21,[21] kaduna urban,304,1.6902034916045812
v022,71,[71] lagos urban,297,1.6512843322584232
v022,69,[69] delta urban,294,1.6346046925386413
v022,64,[64] imo rural,288,1.601245413099077
v022,65,[65] rivers urban,283,1.573446013566107
v022,41,[41] oyo urban,282,1.567886133659513
v022,36,[36] benue rural,267,1.4844879350606026
v022,67,[67] bayelsa urban,265,1.4733681752474146
v022,51,[51] anambra urban,243,1.3510508173023463
v022,49,[49] edo urban,237,1.317691537862782
v022,29,[29] nasarawa urban,236,1.3121316579561881
v022,40,[40] kwara rural,236,1.3121316579561881
v022,25,[25] niger urban,222,1.234293339263872
v022,53,[53] enugu urban,221,1.2287334593572778
v022,9,[9] yobe urban,221,1.2287334593572778
v022,43,[43] osun urban,218,1.2120538196374957
v022,5,[5] katsina urban,179,0.9952185032803292
v022,27,[27] fct urban,178,0.9896586233737351
v022,57,[57] cross river urban,170,0.945179584120983
v022,52,[52] anambra rural,167,0.928499944401201
v022,63,[63] imo urban,165,0.9173801845880128
v022,59,[59] akwa ibom urban,155,0.8617813855220727
v022,33,[33] taraba urban,154,0.8562215056154787
v022,47,[47] ondo urban,151,0.8395418658956967
v022,45,[45] ekiti urban,150,0.8339819859891027
v022,55,[55] ebonyi urban,147,0.8173023462693206
v022,28,[28] fct rural,143,0.7950628266429446
v022,62,[62] abia rural,142,0.7895029467363505
v022,68,[68] bayelsa rural,133,0.7394640275770044
v022,31,[31] plateau urban,132,0.7339041476704103
v022,61,[61] abia urban,132,0.7339041476704103
v022,58,[58] cross river rural,130,0.7227843878572223
v022,37,[37] kogi urban,129,0.7172245079506282
v022,39,[39] kwara urban,129,0.7172245079506282
v022,12,[12] borno rural,127,0.7061047481374402
v022,60,[60] akwa ibom rural,125,0.6949849883242522
v022,23,[23] kebbi urban,121,0.6727454686978761
v022,15,[15] gombe urban,113,0.628266429445124
v022,35,[35] benue urban,105,0.5837873901923718
v022,13,[13] adamawa urban,104,0.5782275102857779
v022,3,[3] zamfara urban,98,0.5448682308462137
v022,48,[48] ondo rural,93,0.5170688313132437
v022,17,[17] bauchi urban,85,0.4725897920604915
v022,70,[70] delta rural,85,0.4725897920604915
v022,54,[54] enugu rural,83,0.4614700322473035
v022,1,[1] sokoto urban,76,0.4225508729011453
v022,42,[42] oyo rural,75,0.41699099299455133
v022,7,[7] jigawa urban,71,0.39475147336817523
v022,74,[74] ogun rural,70,0.3891915934615812
v022,66,[66] rivers rural,68,0.3780718336483932
v022,46,[46] ekiti rural,47,0.26131435560991884
v022,50,[50] edo rural,43,0.23907483598354273
v022,44,[44] osun rural,26,0.14455687757144448
v022,72,[72] lagos rural,17,0.0945179584120983
v023,8,[8] jigawa rural,746,4.147670410319137
v023,24,[24] kebbi rural,698,3.880796174802624
v023,2,[2] sokoto rural,598,3.324808184143223
v023,20,[20] kano rural,598,3.324808184143223
v023,18,[18] bauchi rural,593,3.2970087846102523
v023,10,[10] yobe rural,569,3.1635716668519964
v023,22,[22] kaduna rural,545,3.0301345490937397
v023,14,[14] adamawa rural,512,2.846658512176137
v023,16,[16] gombe rural,505,2.8077393528299788
v023,6,[6] katsina rural,464,2.579784276659624
v023,11,[11] borno urban,456,2.535305237406872
v023,32,[32] plateau rural,424,2.3573890803958637
v023,56,[56] ebonyi rural,418,2.3240298009562994
v023,4,[4] zamfara rural,404,2.246191482263983
v023,26,[26] niger rural,381,2.1183142444123204
v023,19,[19] kano urban,368,2.0460358056265986
v023,73,[73] ogun urban,324,1.8014010897364616
v023,38,[38] kogi rural,321,1.7847214500166797
v023,34,[34] taraba rural,318,1.7680418102968978
v023,30,[30] nasarawa rural,312,1.7346825308573333
v023,21,[21] kaduna urban,304,1.6902034916045812
v023,71,[71] lagos urban,297,1.6512843322584232
v023,69,[69] delta urban,294,1.6346046925386413
v023,64,[64] imo rural,288,1.601245413099077
v023,65,[65] rivers urban,283,1.573446013566107
v023,41,[41] oyo urban,282,1.567886133659513
v023,36,[36] benue rural,267,1.4844879350606026
v023,67,[67] bayelsa urban,265,1.4733681752474146
v023,51,[51] anambra urban,243,1.3510508173023463
v023,49,[49] edo urban,237,1.317691537862782
v023,29,[29] nasarawa urban,236,1.3121316579561881
v023,40,[40] kwara rural,236,1.3121316579561881
v023,25,[25] niger urban,222,1.234293339263872
v023,53,[53] enugu urban,221,1.2287334593572778
v023,9,[9] yobe urban,221,1.2287334593572778
v023,43,[43] osun urban,218,1.2120538196374957
v023,5,[5] katsina urban,179,0.9952185032803292
v023,27,[27] fct urban,178,0.9896586233737351
v023,57,[57] cross river urban,170,0.945179584120983
v023,52,[52] anambra rural,167,0.928499944401201
v023,63,[63] imo urban,165,0.9173801845880128
v023,59,[59] akwa ibom urban,155,0.8617813855220727
v023,33,[33] taraba urban,154,0.8562215056154787
v023,47,[47] ondo urban,151,0.8395418658956967
v023,45,[45] ekiti urban,150,0.8339819859891027
v023,55,[55] ebonyi urban,147,0.8173023462693206
v023,28,[28] fct rural,143,0.7950628266429446
v023,62,[62] abia rural,142,0.7895029467363505
v023,68,[68] bayelsa rural,133,0.7394640275770044
v023,31,[31] plateau urban,132,0.7339041476704103
v023,61,[61] abia urban,132,0.7339041476704103
v023,58,[58] cross river rural,130,0.7227843878572223
v023,37,[37] kogi urban,129,0.7172245079506282
v023,39,[39] kwara urban,129,0.7172245079506282
v023,12,[12] borno rural,127,0.7061047481374402
v023,60,[60] akwa ibom rural,125,0.6949849883242522
v023,23,[23] kebbi urban,121,0.6727454686978761
v023,15,[15] gombe urban,113,0.628266429445124
v023,35,[35] benue urban,105,0.5837873901923718
v023,13,[13] adamawa urban,104,0.5782275102857779
v023,3,[3] zamfara urban,98,0.5448682308462137
v023,48,[48] ondo rural,93,0.5170688313132437
v023,17,[17] bauchi urban,85,0.4725897920604915
v023,70,[70] delta rural,85,0.4725897920604915
v023,54,[54] enugu rural,83,0.4614700322473035
v023,1,[1] sokoto urban,76,0.4225508729011453
v023,42,[42] oyo rural,75,0.41699099299455133
v023,7,[7] jigawa urban,71,0.39475147336817523
v023,74,[74] ogun rural,70,0.3891915934615812
v023,66,[66] rivers rural,68,0.3780718336483932
v023,46,[46] ekiti rural,47,0.26131435560991884
v023,50,[50] edo rural,43,0.23907483598354273
v023,44,[44] osun rural,26,0.14455687757144448
v023,72,[72] lagos rural,17,0.0945179584120983
p19,12,12,656,3.6472812187256753
p19,3,3,584,3.2469698654509065
p19,13,13,577,3.208050706104748
p19,4,4,575,3.1969309462915603
p19,5,5,564,3.135772267319026
p19,6,6,560,3.1135327476926498
p19,10,10,550,3.05793394862671
p19,2,2,544,3.0245746691871456
p19,9,9,543,3.0190147892805514
p19,14,14,542,3.0134549093739573
p19,34,34,542,3.0134549093739573
p19,0,0,536,2.9800956299343935
p19,8,8,535,2.9745357500277994
p19,7,7,533,2.9634159902146116
p19,1,1,526,2.924496830868453
p19,11,11,512,2.846658512176137
p19,15,15,494,2.7465806738574448
p19,32,32,491,2.729901034137663
p19,33,33,484,2.6909818747915044
p19,17,17,481,2.6743022350717225
p19,16,16,479,2.6631824752585342
p19,19,19,475,2.640942955632158
p19,25,25,472,2.6242633159123763
p19,26,26,470,2.6131435560991885
p19,27,27,467,2.596463916379406
p19,24,24,465,2.5853441565662183
p19,20,20,459,2.551984877126654
p19,30,30,458,2.54642499722006
p19,22,22,456,2.535305237406872
p19,31,31,446,2.4797064383409317
p19,29,29,444,2.468586678527744
p19,21,21,438,2.4352273990881796
p19,23,23,422,2.3462693205826755
p19,35,35,422,2.3462693205826755
p19,28,28,397,2.2072723229178246
p19,18,18,387,2.1516735238518847
m80,1,[1] most recent live birth,14040,78.06071388858
m80,2,[2] prior live birth,1953,10.858445457578117
m80,5,[5] miscarriage/abortion,1676,9.318358723451574
m80,3,[3] most recent stillbirth,301,1.6735238518847992
m80,4,[4] prior stillbirth,16,0.08895807850550429
m2a,0,[0] no,11429,63.54386745246303
m2a,<MISSING>,<MISSING>,3645,20.265762259535194
m2a,1,[1] yes,2912,16.19037028800178
m2b,1,[1] yes,7833,43.55053930835094
m2b,0,[0] no,6508,36.183698432113864
m2b,<MISSING>,<MISSING>,3645,20.265762259535194
m2n,0,[0] no: some care,10447,58.0840653841877
m2n,1,[1] yes: no care,3894,21.650172356277103
m2n,<MISSING>,<MISSING>,3645,20.265762259535194
m13,<MISSING>,<MISSING>,7539,41.9159346158123
m13,5,5,2398,13.332592016012454
m13,4,4,2157,11.992660958523297
m13,3,3,1801,10.013343711775825
m13,6,6,1684,9.362837762704325
m13,7,7,1060,5.893472700989658
m13,2,2,644,3.580562659846547
m13,1,1,328,1.8236406093628377
m13,8,8,288,1.601245413099077
m13,9,9,65,0.36139219392861116
m13,98,[98] don't know,22,0.12231735794506837
m14,0,[0] no antenatal visits,3894,21.650172356277103
m14,<MISSING>,<MISSING>,3645,20.265762259535194
m14,4,4,1631,9.068164127654843
m14,5,5,1596,8.873568330924051
m14,3,3,1464,8.139664183253641
m14,6,6,1165,6.47726009118203
m14,2,2,748,4.158790170132325
m14,8,8,652,3.6250416990992997
m14,7,7,646,3.5916824196597354
m14,10,10,414,2.3017902813299234
m14,98,[98] don't know,386,2.1461136439452906
m14,1,1,358,1.9904370065606585
m14,9,9,291,1.6179250528188593
m14,12,12,283,1.573446013566107
m14,20,20,181,1.0063382630935171
m14,15,15,143,0.7950628266429446
m14,11,11,101,0.5615478705659958
m14,18,18,91,0.5059490715000556
m14,16,16,89,0.49482931168686756
m14,14,14,81,0.4503502724341154
m14,13,13,75,0.41699099299455133
m14,17,17,33,0.1834760369176026
m14,19,19,19,0.10563771822528632
m15,11,[11] her home,8029,44.64027577004337
m15,24,[24] primary health care center,2199,12.226175914600244
m15,<MISSING>,<MISSING>,1676,9.318358723451574
m15,31,[31] private hospital,1671,9.290559323918602
m15,23,[23] general hospital,1547,8.601134215500945
m15,12,[12] other home,632,3.513844100967419
m15,25,[25] primary health clinic,510,2.835538752362949
m15,37,[37] maternity center,498,2.768820193483821
m15,32,[32] private clinic,400,2.223951962637607
m15,21,[21] teaching hospital,181,1.0063382630935171
m15,22,[22] federal medical center,179,0.9952185032803292
m15,26,[26] health post,104,0.5782275102857779
m15,96,[96] other,93,0.5170688313132437
m15,41,[41] faith-based hospital,74,0.41143111308795727
m15,42,[42] faith-based clinic,67,0.3725119537417992
m15,35,[35] private doctor,43,0.23907483598354273
m15,33,[33] pharmacy,23,0.1278772378516624
m15,34,[34] patent and proprietary medicine vendors (ppmv),22,0.12231735794506837
m15,27,[27] other public sector,15,0.08339819859891026
m15,46,[46] other ngo medical sector,12,0.06671855887912821
m15,36,[36] mobile clinic,7,0.038919159346158125
m15,38,[38] other private medical,4,0.022239519626376072
m3a,0,[0] no,13949,77.55476481707994
m3a,1,[1] yes,2361,13.126876459468475
m3a,<MISSING>,<MISSING>,1676,9.318358723451574
m3b,0,[0] no,9374,52.118314244412325
m3b,1,[1] yes,6936,38.56332703213611
m3b,<MISSING>,<MISSING>,1676,9.318358723451574
m62,<MISSING>,<MISSING>,11453,63.67730457022128
m62,1,[1] yes,5213,28.98365395307461
m62,0,[0] no,1320,7.339041476704103
m63,<MISSING>,<MISSING>,12773,71.01634604692538
m63,101,101,1518,8.439897698209718
m63,100,[100] zero hours,1322,7.350161236517291
m63,102,102,984,5.470921828088513
m63,103,103,455,2.529745357500278
m63,104,104,177,0.9840987434671411
m63,105,105,166,0.922940064494607
m63,106,106,125,0.6949849883242522
m63,201,[201] one day,122,0.6783053486044701
m63,998,[998] don't know,62,0.3447125542088291
m63,108,108,49,0.27243411542310686
m63,202,202,46,0.2557544757033248
m63,112,112,35,0.1945957967307906
m63,107,107,23,0.1278772378516624
m63,109,109,18,0.10007783831869231
m63,124,124,18,0.10007783831869231
m63,110,110,16,0.08895807850550429
m63,111,111,14,0.07783831869231625
m63,203,203,11,0.061158678972534186
m63,301,[301] one week,6,0.033359279439564106
m63,205,205,5,0.027799399532970087
m63,302,302,5,0.027799399532970087
m63,204,204,4,0.022239519626376072
m63,113,113,3,0.016679639719782053
m63,114,114,3,0.016679639719782053
m63,118,118,3,0.016679639719782053
m63,120,120,3,0.016679639719782053
m63,130,130,3,0.016679639719782053
m63,115,115,2,0.011119759813188036
m63,117,117,2,0.011119759813188036
m63,123,123,2,0.011119759813188036
m63,303,303,2,0.011119759813188036
m63,306,306,2,0.011119759813188036
m63,119,119,1,0.005559879906594018
m63,160,160,1,0.005559879906594018
m63,206,206,1,0.005559879906594018
m63,207,207,1,0.005559879906594018
m63,210,210,1,0.005559879906594018
m63,304,304,1,0.005559879906594018
m63,305,305,1,0.005559879906594018
m64,<MISSING>,<MISSING>,12773,71.01634604692538
m64,12,[12] nurse/midwife,3029,16.840876237073278
m64,11,[11] doctor,1782,9.90770599355054
m64,13,[13] community health extension worker,246,1.3677304570221283
m64,21,[21] auxiliary midwife,78,0.4336706327143333
m64,23,[23] community health influencers promoters and services (chips)/community health wor,60,0.33359279439564105
m64,22,[22] traditional birth attendant,18,0.10007783831869231
m66,0,[0] no,12062,67.06327143333704
m66,<MISSING>,<MISSING>,3645,20.265762259535194
m66,1,[1] yes,2279,12.670966307127765
m67,<MISSING>,<MISSING>,15707,87.32903369287224
m67,100,[100] zero hours,534,2.9689758701212052
m67,101,101,386,2.1461136439452906
m67,201,[201] one day,268,1.4900478149671967
m67,202,202,203,1.1286556210385856
m67,102,102,195,1.0841765817858335
m67,103,103,121,0.6727454686978761
m67,203,203,108,0.600467029912154
m67,301,[301] one week,50,0.27799399532970087
m67,104,104,47,0.26131435560991884
m67,105,105,38,0.21127543645057265
m67,207,207,37,0.20571555654397863
m67,204,204,36,0.20015567663738462
m67,302,302,35,0.1945957967307906
m67,106,106,27,0.1501167574780385
m67,205,205,25,0.13899699766485044
m67,124,124,23,0.1278772378516624
m67,306,306,20,0.11119759813188035
m67,108,108,19,0.10563771822528632
m67,107,107,13,0.07227843878572224
m67,206,206,11,0.061158678972534186
m67,303,303,9,0.050038919159346155
m67,304,304,8,0.044479039252752144
m67,110,110,7,0.038919159346158125
m67,112,112,7,0.038919159346158125
m67,208,208,7,0.038919159346158125
m67,210,210,7,0.038919159346158125
m67,109,109,5,0.027799399532970087
m67,998,[998] don't know,5,0.027799399532970087
m67,209,209,4,0.022239519626376072
m67,111,111,3,0.016679639719782053
m67,114,114,3,0.016679639719782053
m67,118,118,3,0.016679639719782053
m67,217,217,3,0.016679639719782053
m67,113,113,2,0.011119759813188036
m67,115,115,2,0.011119759813188036
m67,212,212,2,0.011119759813188036
m67,121,121,1,0.005559879906594018
m67,211,211,1,0.005559879906594018
m67,230,230,1,0.005559879906594018
m67,241,241,1,0.005559879906594018
m67,308,308,1,0.005559879906594018
m67,310,310,1,0.005559879906594018
m68,<MISSING>,<MISSING>,15707,87.32903369287224
m68,12,[12] nurse/midwife,938,5.215167352385189
m68,22,[22] traditional birth attendant,594,3.3025686645168464
m68,11,[11] doctor,384,2.134993884132103
m68,13,[13] community health extension worker,153,0.8506616257088847
m68,21,[21] auxiliary midwife,130,0.7227843878572223
m68,23,[23] community health influencers promoters and services (chips)/community health wor,46,0.2557544757033248
m68,96,[96] other,34,0.1890359168241966
m70,0,[0] no,11670,64.88379850995219
m70,<MISSING>,<MISSING>,3946,21.939286111419992
m70,1,[1] yes,2332,12.965639942177248
m70,8,[8] don't know,38,0.21127543645057265
m71,<MISSING>,<MISSING>,15654,87.03436005782275
m71,100,[100] immediately/in first hour,565,3.14133214722562
m71,101,[101] hours: 1,325,1.8069609696430555
m71,201,[201] days: 1,302,1.6790837317913934
m71,202,202,215,1.1953741799177138
m71,102,102,203,1.1286556210385856
m71,103,103,111,0.617146669631936
m71,203,203,111,0.617146669631936
m71,301,[301] weeks: 1,51,0.28355387523629494
m71,105,105,47,0.26131435560991884
m71,104,104,45,0.2501945957967308
m71,106,106,39,0.21683531635716666
m71,204,204,36,0.20015567663738462
m71,205,205,34,0.1890359168241966
m71,302,302,32,0.17791615701100857
m71,207,207,31,0.17235627710441456
m71,108,108,24,0.13343711775825642
m71,306,306,21,0.11675747803847436
m71,124,124,18,0.10007783831869231
m71,304,304,14,0.07783831869231625
m71,206,206,13,0.07227843878572224
m71,107,107,12,0.06671855887912821
m71,208,208,12,0.06671855887912821
m71,110,110,8,0.044479039252752144
m71,998,[998] don't know,8,0.044479039252752144
m71,112,112,7,0.038919159346158125
m71,109,109,5,0.027799399532970087
m71,209,209,5,0.027799399532970087
m71,210,210,5,0.027799399532970087
m71,303,303,4,0.022239519626376072
m71,111,111,3,0.016679639719782053
m71,113,113,3,0.016679639719782053
m71,118,118,2,0.011119759813188036
m71,212,212,2,0.011119759813188036
m71,214,214,2,0.011119759813188036
m71,309,309,2,0.011119759813188036
m71,114,114,1,0.005559879906594018
m71,115,115,1,0.005559879906594018
m71,120,120,1,0.005559879906594018
m71,121,121,1,0.005559879906594018
m71,128,128,1,0.005559879906594018
m71,130,130,1,0.005559879906594018
m71,136,136,1,0.005559879906594018
m71,216,216,1,0.005559879906594018
m71,217,217,1,0.005559879906594018
m71,224,224,1,0.005559879906594018
m71,230,230,1,0.005559879906594018
m71,240,240,1,0.005559879906594018
m71,307,307,1,0.005559879906594018
m71,308,308,1,0.005559879906594018
m71,310,310,1,0.005559879906594018
m72,<MISSING>,<MISSING>,15654,87.03436005782275
m72,22,[22] traditional birth attendant,881,4.8982541977093295
m72,12,[12] nurse/midwife,841,4.675859001445569
m72,11,[11] doctor,255,1.4177693761814745
m72,21,[21] auxiliary midwife,146,0.8117424663627266
m72,13,[13] community health extension worker,130,0.7227843878572223
m72,23,[23] community health influencers promoters and services (chips)/community health wor,52,0.28911375514288895
m72,96,[96] other,27,0.1501167574780385
m74,<MISSING>,<MISSING>,11606,64.52796619593016
m74,1,[1] yes,4956,27.554764817079953
m74,0,[0] no,1397,7.767152229511842
m74,8,[8] don't know,27,0.1501167574780385
m75,<MISSING>,<MISSING>,13030,72.44523518292006
m75,101,101,1488,8.273101301011899
m75,100,[100] zero hours,1291,7.177804959412877
m75,102,102,939,5.220727232291782
m75,103,103,422,2.3462693205826755
m75,104,104,151,0.8395418658956967
m75,105,105,130,0.7227843878572223
m75,201,[201] one day,114,0.633826309351718
m75,106,106,101,0.5615478705659958
m75,998,[998] don't know,61,0.33915267430223506
m75,202,202,46,0.2557544757033248
m75,108,108,42,0.23351495607694872
m75,112,112,31,0.17235627710441456
m75,107,107,30,0.16679639719782052
m75,203,203,17,0.0945179584120983
m75,124,124,16,0.08895807850550429
m75,109,109,14,0.07783831869231625
m75,110,110,13,0.07227843878572224
m75,111,111,8,0.044479039252752144
m75,114,114,5,0.027799399532970087
m75,120,120,4,0.022239519626376072
m75,115,115,3,0.016679639719782053
m75,118,118,3,0.016679639719782053
m75,205,205,3,0.016679639719782053
m75,206,206,3,0.016679639719782053
m75,301,[301] one week,3,0.016679639719782053
m75,302,302,3,0.016679639719782053
m75,113,113,2,0.011119759813188036
m75,207,207,2,0.011119759813188036
m75,306,306,2,0.011119759813188036
m75,116,116,1,0.005559879906594018
m75,117,117,1,0.005559879906594018
m75,119,119,1,0.005559879906594018
m75,122,122,1,0.005559879906594018
m75,123,123,1,0.005559879906594018
m75,130,130,1,0.005559879906594018
m75,160,160,1,0.005559879906594018
m75,204,204,1,0.005559879906594018
m75,305,305,1,0.005559879906594018
m76,<MISSING>,<MISSING>,13030,72.44523518292006
m76,12,[12] nurse/midwife,3008,16.724118759034805
m76,11,[11] doctor,1585,8.812409651951517
m76,13,[13] community health extension worker,211,1.1731346602913377
m76,21,[21] auxiliary midwife,82,0.4559101523407094
m76,23,[23] community health influencers promoters and services (chips)/community health wor,51,0.28355387523629494
m76,22,[22] traditional birth attendant,18,0.10007783831869231
m76,96,[96] other,1,0.005559879906594018
