equity_variable,equity_dimension,equity_category,indicator_variable,indicator,unweighted_n,unweighted_positive_n,weighted_percent,standard_error_percent,confidence_interval_low_percent,confidence_interval_high_percent,reporting_status,estimate_95ci
zone,Zone,north central,anc_4plus,Four or more ANC contacts,1864,973,50.68,2.11,46.53,54.82,Report,50.7% (95% CI 46.5-54.8%)
zone,Zone,north central,anc_8plus,Eight or more ANC contacts,1864,236,11.46,0.94,9.62,13.29,Report,11.5% (95% CI 9.6-13.3%)
zone,Zone,north central,skilled_birth,Skilled birth attendance,1880,1054,54.2,2.32,49.64,58.75,Report,54.2% (95% CI 49.6-58.8%)
zone,Zone,north central,facility_delivery,Health facility delivery,1868,956,49.53,2.3,45.02,54.05,Report,49.5% (95% CI 45.0-54.0%)
zone,Zone,north central,mother_pnc_2days,Maternal PNC within 2 days,1880,1035,53.41,1.95,49.59,57.22,Report,53.4% (95% CI 49.6-57.2%)
zone,Zone,north central,newborn_pnc_2days,Newborn PNC within 2 days,1880,1039,53.67,1.85,50.06,57.29,Report,53.7% (95% CI 50.1-57.3%)
zone,Zone,north central,paired_pnc_2days,Mother and newborn both received PNC within 2 days,1880,967,49.66,1.83,46.07,53.26,Report,49.7% (95% CI 46.1-53.3%)
zone,Zone,north central,complete_continuum,Complete continuum,1864,642,32.54,1.8,29.02,36.06,Report,32.5% (95% CI 29.0-36.1%)
zone,Zone,north east,anc_4plus,Four or more ANC contacts,2268,1096,50.65,2.12,46.49,54.8,Report,50.6% (95% CI 46.5-54.8%)
zone,Zone,north east,anc_8plus,Eight or more ANC contacts,2268,83,3.98,0.58,2.84,5.12,Report,4.0% (95% CI 2.8-5.1%)
zone,Zone,north east,skilled_birth,Skilled birth attendance,2271,697,31.48,1.86,27.83,35.13,Report,31.5% (95% CI 27.8-35.1%)
zone,Zone,north east,facility_delivery,Health facility delivery,2269,800,36.17,1.88,32.48,39.85,Report,36.2% (95% CI 32.5-39.9%)
zone,Zone,north east,mother_pnc_2days,Maternal PNC within 2 days,2271,813,36.34,1.77,32.87,39.8,Report,36.3% (95% CI 32.9-39.8%)
zone,Zone,north east,newborn_pnc_2days,Newborn PNC within 2 days,2271,818,35.25,1.85,31.62,38.88,Report,35.2% (95% CI 31.6-38.9%)
zone,Zone,north east,paired_pnc_2days,Mother and newborn both received PNC within 2 days,2271,724,31.34,1.79,27.84,34.84,Report,31.3% (95% CI 27.8-34.8%)
zone,Zone,north east,complete_continuum,Complete continuum,2268,309,14.08,1.27,11.59,16.58,Report,14.1% (95% CI 11.6-16.6%)
zone,Zone,north west,anc_4plus,Four or more ANC contacts,3249,1207,40.77,1.72,37.39,44.15,Report,40.8% (95% CI 37.4-44.1%)
zone,Zone,north west,anc_8plus,Eight or more ANC contacts,3249,148,5.49,0.71,4.1,6.89,Report,5.5% (95% CI 4.1-6.9%)
zone,Zone,north west,skilled_birth,Skilled birth attendance,3259,745,25.02,1.52,22.04,27.99,Report,25.0% (95% CI 22.0-28.0%)
zone,Zone,north west,facility_delivery,Health facility delivery,3256,644,21.5,1.39,18.79,24.22,Report,21.5% (95% CI 18.8-24.2%)
zone,Zone,north west,mother_pnc_2days,Maternal PNC within 2 days,3259,782,24.89,1.31,22.33,27.46,Report,24.9% (95% CI 22.3-27.5%)
zone,Zone,north west,newborn_pnc_2days,Newborn PNC within 2 days,3259,781,23.89,1.25,21.44,26.34,Report,23.9% (95% CI 21.4-26.3%)
zone,Zone,north west,paired_pnc_2days,Mother and newborn both received PNC within 2 days,3259,649,19.81,1.19,17.49,22.14,Report,19.8% (95% CI 17.5-22.1%)
zone,Zone,north west,complete_continuum,Complete continuum,3249,307,10.35,0.87,8.65,12.04,Report,10.3% (95% CI 8.6-12.0%)
zone,Zone,south east,anc_4plus,Four or more ANC contacts,1043,821,76.74,2.62,71.61,81.87,Report,76.7% (95% CI 71.6-81.9%)
zone,Zone,south east,anc_8plus,Eight or more ANC contacts,1043,386,36.64,2.25,32.23,41.04,Report,36.6% (95% CI 32.2-41.0%)
zone,Zone,south east,skilled_birth,Skilled birth attendance,1093,974,88.14,1.81,84.58,91.69,Report,88.1% (95% CI 84.6-91.7%)
zone,Zone,south east,facility_delivery,Health facility delivery,1075,946,87.89,1.41,85.13,90.65,Report,87.9% (95% CI 85.1-90.7%)
zone,Zone,south east,mother_pnc_2days,Maternal PNC within 2 days,1093,694,63.09,1.87,59.43,66.76,Report,63.1% (95% CI 59.4-66.8%)
zone,Zone,south east,newborn_pnc_2days,Newborn PNC within 2 days,1093,685,61.74,1.95,57.91,65.57,Report,61.7% (95% CI 57.9-65.6%)
zone,Zone,south east,paired_pnc_2days,Mother and newborn both received PNC within 2 days,1093,652,58.92,1.88,55.23,62.61,Report,58.9% (95% CI 55.2-62.6%)
zone,Zone,south east,complete_continuum,Complete continuum,1043,492,45.77,2.25,41.36,50.19,Report,45.8% (95% CI 41.4-50.2%)
zone,Zone,south south,anc_4plus,Four or more ANC contacts,912,660,75.54,1.86,71.9,79.18,Report,75.5% (95% CI 71.9-79.2%)
zone,Zone,south south,anc_8plus,Eight or more ANC contacts,912,370,43.61,2.28,39.14,48.08,Report,43.6% (95% CI 39.1-48.1%)
zone,Zone,south south,skilled_birth,Skilled birth attendance,1027,728,76.23,2.16,71.99,80.47,Report,76.2% (95% CI 72.0-80.5%)
zone,Zone,south south,facility_delivery,Health facility delivery,1013,641,66.49,2.38,61.82,71.16,Report,66.5% (95% CI 61.8-71.2%)
zone,Zone,south south,mother_pnc_2days,Maternal PNC within 2 days,1027,659,66.79,2.13,62.61,70.97,Report,66.8% (95% CI 62.6-71.0%)
zone,Zone,south south,newborn_pnc_2days,Newborn PNC within 2 days,1027,665,66.87,1.97,63,70.74,Report,66.9% (95% CI 63.0-70.7%)
zone,Zone,south south,paired_pnc_2days,Mother and newborn both received PNC within 2 days,1027,602,61.32,2.04,57.32,65.32,Report,61.3% (95% CI 57.3-65.3%)
zone,Zone,south south,complete_continuum,Complete continuum,912,397,46.16,2.17,41.91,50.4,Report,46.2% (95% CI 41.9-50.4%)
zone,Zone,south west,anc_4plus,Four or more ANC contacts,900,768,88.01,1.41,85.24,90.77,Report,88.0% (95% CI 85.2-90.8%)
zone,Zone,south west,anc_8plus,Eight or more ANC contacts,900,568,68.82,1.89,65.13,72.52,Report,68.8% (95% CI 65.1-72.5%)
zone,Zone,south west,skilled_birth,Skilled birth attendance,992,830,84.71,2.16,80.46,88.95,Report,84.7% (95% CI 80.5-89.0%)
zone,Zone,south west,facility_delivery,Health facility delivery,979,807,83.35,1.89,79.64,87.05,Report,83.3% (95% CI 79.6-87.0%)
zone,Zone,south west,mother_pnc_2days,Maternal PNC within 2 days,992,764,78.51,1.73,75.12,81.9,Report,78.5% (95% CI 75.1-81.9%)
zone,Zone,south west,newborn_pnc_2days,Newborn PNC within 2 days,992,777,79.13,1.7,75.79,82.46,Report,79.1% (95% CI 75.8-82.5%)
zone,Zone,south west,paired_pnc_2days,Mother and newborn both received PNC within 2 days,992,724,74.37,1.88,70.68,78.05,Report,74.4% (95% CI 70.7-78.0%)
zone,Zone,south west,complete_continuum,Complete continuum,900,555,63.6,2.23,59.23,67.97,Report,63.6% (95% CI 59.2-68.0%)
residence,Residence,rural,anc_4plus,Four or more ANC contacts,6428,2702,41.83,1.25,39.38,44.28,Report,41.8% (95% CI 39.4-44.3%)
residence,Residence,rural,anc_8plus,Eight or more ANC contacts,6428,582,8.26,0.55,7.18,9.34,Report,8.3% (95% CI 7.2-9.3%)
residence,Residence,rural,skilled_birth,Skilled birth attendance,6510,2149,30.03,1.13,27.83,32.24,Report,30.0% (95% CI 27.8-32.2%)
residence,Residence,rural,facility_delivery,Health facility delivery,6478,2089,28.74,1.1,26.58,30.9,Report,28.7% (95% CI 26.6-30.9%)
residence,Residence,rural,mother_pnc_2days,Maternal PNC within 2 days,6510,2164,30.33,0.95,28.47,32.19,Report,30.3% (95% CI 28.5-32.2%)
residence,Residence,rural,newborn_pnc_2days,Newborn PNC within 2 days,6510,2214,30.18,0.95,28.31,32.04,Report,30.2% (95% CI 28.3-32.0%)
residence,Residence,rural,paired_pnc_2days,Mother and newborn both received PNC within 2 days,6510,1956,26.45,0.9,24.68,28.21,Report,26.4% (95% CI 24.7-28.2%)
residence,Residence,rural,complete_continuum,Complete continuum,6428,987,13.34,0.65,12.06,14.62,Report,13.3% (95% CI 12.1-14.6%)
residence,Residence,urban,anc_4plus,Four or more ANC contacts,3808,2823,73.54,1.23,71.13,75.96,Report,73.5% (95% CI 71.1-76.0%)
residence,Residence,urban,anc_8plus,Eight or more ANC contacts,3808,1209,31.13,1.15,28.87,33.38,Report,31.1% (95% CI 28.9-33.4%)
residence,Residence,urban,skilled_birth,Skilled birth attendance,4012,2879,69.67,1.46,66.82,72.52,Report,69.7% (95% CI 66.8-72.5%)
residence,Residence,urban,facility_delivery,Health facility delivery,3982,2705,66.16,1.41,63.4,68.92,Report,66.2% (95% CI 63.4-68.9%)
residence,Residence,urban,mother_pnc_2days,Maternal PNC within 2 days,4012,2583,63.34,1.37,60.66,66.03,Report,63.3% (95% CI 60.7-66.0%)
residence,Residence,urban,newborn_pnc_2days,Newborn PNC within 2 days,4012,2551,62.01,1.3,59.46,64.56,Report,62.0% (95% CI 59.5-64.6%)
residence,Residence,urban,paired_pnc_2days,Mother and newborn both received PNC within 2 days,4012,2362,57.24,1.35,54.6,59.89,Report,57.2% (95% CI 54.6-59.9%)
residence,Residence,urban,complete_continuum,Complete continuum,3808,1715,43.34,1.32,40.76,45.92,Report,43.3% (95% CI 40.8-45.9%)
wealth_quintile,Wealth quintile,middle,anc_4plus,Four or more ANC contacts,1954,1104,54.74,1.75,51.31,58.17,Report,54.7% (95% CI 51.3-58.2%)
wealth_quintile,Wealth quintile,middle,anc_8plus,Eight or more ANC contacts,1954,270,12.62,0.94,10.78,14.47,Report,12.6% (95% CI 10.8-14.5%)
wealth_quintile,Wealth quintile,middle,skilled_birth,Skilled birth attendance,2002,1011,45.81,1.71,42.45,49.17,Report,45.8% (95% CI 42.5-49.2%)
wealth_quintile,Wealth quintile,middle,facility_delivery,Health facility delivery,1989,926,41.02,1.7,37.69,44.35,Report,41.0% (95% CI 37.7-44.4%)
wealth_quintile,Wealth quintile,middle,mother_pnc_2days,Maternal PNC within 2 days,2002,958,43.02,1.77,39.56,46.49,Report,43.0% (95% CI 39.6-46.5%)
wealth_quintile,Wealth quintile,middle,newborn_pnc_2days,Newborn PNC within 2 days,2002,964,42.84,1.76,39.4,46.28,Report,42.8% (95% CI 39.4-46.3%)
wealth_quintile,Wealth quintile,middle,paired_pnc_2days,Mother and newborn both received PNC within 2 days,2002,879,38.86,1.71,35.51,42.21,Report,38.9% (95% CI 35.5-42.2%)
wealth_quintile,Wealth quintile,middle,complete_continuum,Complete continuum,1954,505,22.61,1.23,20.2,25.02,Report,22.6% (95% CI 20.2-25.0%)
wealth_quintile,Wealth quintile,poorer,anc_4plus,Four or more ANC contacts,2117,869,40.92,1.67,37.65,44.19,Report,40.9% (95% CI 37.6-44.2%)
wealth_quintile,Wealth quintile,poorer,anc_8plus,Eight or more ANC contacts,2117,125,5.46,0.64,4.21,6.71,Report,5.5% (95% CI 4.2-6.7%)
wealth_quintile,Wealth quintile,poorer,skilled_birth,Skilled birth attendance,2133,610,25.04,1.49,22.12,27.96,Report,25.0% (95% CI 22.1-28.0%)
wealth_quintile,Wealth quintile,poorer,facility_delivery,Health facility delivery,2121,609,25.22,1.58,22.13,28.32,Report,25.2% (95% CI 22.1-28.3%)
wealth_quintile,Wealth quintile,poorer,mother_pnc_2days,Maternal PNC within 2 days,2133,611,25.45,1.42,22.66,28.25,Report,25.4% (95% CI 22.7-28.2%)
wealth_quintile,Wealth quintile,poorer,newborn_pnc_2days,Newborn PNC within 2 days,2133,634,25.86,1.29,23.32,28.39,Report,25.9% (95% CI 23.3-28.4%)
wealth_quintile,Wealth quintile,poorer,paired_pnc_2days,Mother and newborn both received PNC within 2 days,2133,551,22.21,1.25,19.76,24.65,Report,22.2% (95% CI 19.8-24.6%)
wealth_quintile,Wealth quintile,poorer,complete_continuum,Complete continuum,2117,237,9.56,0.83,7.94,11.18,Report,9.6% (95% CI 7.9-11.2%)
wealth_quintile,Wealth quintile,poorest,anc_4plus,Four or more ANC contacts,2755,746,27.54,1.5,24.59,30.49,Report,27.5% (95% CI 24.6-30.5%)
wealth_quintile,Wealth quintile,poorest,anc_8plus,Eight or more ANC contacts,2755,80,2.82,0.41,2.01,3.63,Report,2.8% (95% CI 2.0-3.6%)
wealth_quintile,Wealth quintile,poorest,skilled_birth,Skilled birth attendance,2766,447,15.55,1.07,13.46,17.64,Report,15.6% (95% CI 13.5-17.6%)
wealth_quintile,Wealth quintile,poorest,facility_delivery,Health facility delivery,2763,480,17.35,1.3,14.81,19.89,Report,17.4% (95% CI 14.8-19.9%)
wealth_quintile,Wealth quintile,poorest,mother_pnc_2days,Maternal PNC within 2 days,2766,605,22.05,1.3,19.49,24.6,Report,22.1% (95% CI 19.5-24.6%)
wealth_quintile,Wealth quintile,poorest,newborn_pnc_2days,Newborn PNC within 2 days,2766,647,22.45,1.33,19.84,25.07,Report,22.4% (95% CI 19.8-25.1%)
wealth_quintile,Wealth quintile,poorest,paired_pnc_2days,Mother and newborn both received PNC within 2 days,2766,536,18.49,1.25,16.05,20.94,Report,18.5% (95% CI 16.1-20.9%)
wealth_quintile,Wealth quintile,poorest,complete_continuum,Complete continuum,2755,141,4.63,0.6,3.45,5.82,Report,4.6% (95% CI 3.4-5.8%)
wealth_quintile,Wealth quintile,richer,anc_4plus,Four or more ANC contacts,1868,1410,75.75,1.23,73.33,78.17,Report,75.8% (95% CI 73.3-78.2%)
wealth_quintile,Wealth quintile,richer,anc_8plus,Eight or more ANC contacts,1868,521,26.77,1.47,23.9,29.65,Report,26.8% (95% CI 23.9-29.6%)
wealth_quintile,Wealth quintile,richer,skilled_birth,Skilled birth attendance,1962,1436,70.9,1.42,68.11,73.68,Report,70.9% (95% CI 68.1-73.7%)
wealth_quintile,Wealth quintile,richer,facility_delivery,Health facility delivery,1942,1298,63.45,1.45,60.61,66.28,Report,63.5% (95% CI 60.6-66.3%)
wealth_quintile,Wealth quintile,richer,mother_pnc_2days,Maternal PNC within 2 days,1962,1218,60.54,1.43,57.74,63.35,Report,60.5% (95% CI 57.7-63.4%)
wealth_quintile,Wealth quintile,richer,newborn_pnc_2days,Newborn PNC within 2 days,1962,1190,58.02,1.44,55.2,60.84,Report,58.0% (95% CI 55.2-60.8%)
wealth_quintile,Wealth quintile,richer,paired_pnc_2days,Mother and newborn both received PNC within 2 days,1962,1093,53.23,1.49,50.31,56.15,Report,53.2% (95% CI 50.3-56.1%)
wealth_quintile,Wealth quintile,richer,complete_continuum,Complete continuum,1868,787,40.49,1.39,37.77,43.21,Report,40.5% (95% CI 37.8-43.2%)
wealth_quintile,Wealth quintile,richest,anc_4plus,Four or more ANC contacts,1542,1396,90.57,0.87,88.86,92.29,Report,90.6% (95% CI 88.9-92.3%)
wealth_quintile,Wealth quintile,richest,anc_8plus,Eight or more ANC contacts,1542,795,52.37,1.77,48.89,55.84,Report,52.4% (95% CI 48.9-55.8%)
wealth_quintile,Wealth quintile,richest,skilled_birth,Skilled birth attendance,1659,1524,91.52,0.91,89.73,93.31,Report,91.5% (95% CI 89.7-93.3%)
wealth_quintile,Wealth quintile,richest,facility_delivery,Health facility delivery,1645,1481,89.52,0.95,87.67,91.38,Report,89.5% (95% CI 87.7-91.4%)
wealth_quintile,Wealth quintile,richest,mother_pnc_2days,Maternal PNC within 2 days,1659,1355,81.58,1.31,79.01,84.15,Report,81.6% (95% CI 79.0-84.2%)
wealth_quintile,Wealth quintile,richest,newborn_pnc_2days,Newborn PNC within 2 days,1659,1330,79.56,1.22,77.17,81.95,Report,79.6% (95% CI 77.2-82.0%)
wealth_quintile,Wealth quintile,richest,paired_pnc_2days,Mother and newborn both received PNC within 2 days,1659,1259,75.07,1.43,72.27,77.86,Report,75.1% (95% CI 72.3-77.9%)
wealth_quintile,Wealth quintile,richest,complete_continuum,Complete continuum,1542,1032,65.79,1.53,62.79,68.79,Report,65.8% (95% CI 62.8-68.8%)
education,Education,higher,anc_4plus,Four or more ANC contacts,1061,959,90.62,1.02,88.62,92.63,Report,90.6% (95% CI 88.6-92.6%)
education,Education,higher,anc_8plus,Eight or more ANC contacts,1061,485,45.93,1.9,42.21,49.65,Report,45.9% (95% CI 42.2-49.6%)
education,Education,higher,skilled_birth,Skilled birth attendance,1143,1049,90.85,1.09,88.71,92.98,Report,90.8% (95% CI 88.7-93.0%)
education,Education,higher,facility_delivery,Health facility delivery,1137,1029,90.07,1.11,87.89,92.25,Report,90.1% (95% CI 87.9-92.2%)
education,Education,higher,mother_pnc_2days,Maternal PNC within 2 days,1143,958,82.86,1.41,80.1,85.62,Report,82.9% (95% CI 80.1-85.6%)
education,Education,higher,newborn_pnc_2days,Newborn PNC within 2 days,1143,936,80.96,1.41,78.2,83.73,Report,81.0% (95% CI 78.2-83.7%)
education,Education,higher,paired_pnc_2days,Mother and newborn both received PNC within 2 days,1143,898,77.5,1.63,74.31,80.7,Report,77.5% (95% CI 74.3-80.7%)
education,Education,higher,complete_continuum,Complete continuum,1061,754,69.66,1.71,66.32,73.01,Report,69.7% (95% CI 66.3-73.0%)
education,Education,no education,anc_4plus,Four or more ANC contacts,4513,1360,31.83,1.32,29.25,34.41,Report,31.8% (95% CI 29.2-34.4%)
education,Education,no education,anc_8plus,Eight or more ANC contacts,4513,137,3.24,0.39,2.48,4,Report,3.2% (95% CI 2.5-4.0%)
education,Education,no education,skilled_birth,Skilled birth attendance,4534,833,18.05,0.93,16.22,19.87,Report,18.1% (95% CI 16.2-19.9%)
education,Education,no education,facility_delivery,Health facility delivery,4528,817,17.95,0.97,16.04,19.86,Report,17.9% (95% CI 16.0-19.9%)
education,Education,no education,mother_pnc_2days,Maternal PNC within 2 days,4534,1021,22.12,0.95,20.25,23.99,Report,22.1% (95% CI 20.2-24.0%)
education,Education,no education,newborn_pnc_2days,Newborn PNC within 2 days,4534,1052,22.07,0.95,20.2,23.94,Report,22.1% (95% CI 20.2-23.9%)
education,Education,no education,paired_pnc_2days,Mother and newborn both received PNC within 2 days,4534,890,18.54,0.89,16.79,20.29,Report,18.5% (95% CI 16.8-20.3%)
education,Education,no education,complete_continuum,Complete continuum,4513,293,6.45,0.55,5.37,7.53,Report,6.4% (95% CI 5.4-7.5%)
education,Education,primary,anc_4plus,Four or more ANC contacts,1142,626,55.55,1.97,51.69,59.42,Report,55.5% (95% CI 51.7-59.4%)
education,Education,primary,anc_8plus,Eight or more ANC contacts,1142,156,13.65,1.25,11.21,16.09,Report,13.6% (95% CI 11.2-16.1%)
education,Education,primary,skilled_birth,Skilled birth attendance,1172,528,42.71,1.71,39.37,46.06,Report,42.7% (95% CI 39.4-46.1%)
education,Education,primary,facility_delivery,Health facility delivery,1162,488,38.63,2.04,34.64,42.62,Report,38.6% (95% CI 34.6-42.6%)
education,Education,primary,mother_pnc_2days,Maternal PNC within 2 days,1172,479,37.28,1.93,33.5,41.07,Report,37.3% (95% CI 33.5-41.1%)
education,Education,primary,newborn_pnc_2days,Newborn PNC within 2 days,1172,490,37.68,1.82,34.11,41.25,Report,37.7% (95% CI 34.1-41.2%)
education,Education,primary,paired_pnc_2days,Mother and newborn both received PNC within 2 days,1172,430,32.47,1.82,28.9,36.04,Report,32.5% (95% CI 28.9-36.0%)
education,Education,primary,complete_continuum,Complete continuum,1142,231,18.41,1.32,15.82,20.99,Report,18.4% (95% CI 15.8-21.0%)
education,Education,secondary,anc_4plus,Four or more ANC contacts,3520,2580,73.5,1,71.54,75.46,Report,73.5% (95% CI 71.5-75.5%)
education,Education,secondary,anc_8plus,Eight or more ANC contacts,3520,1013,28.79,1.11,26.6,30.97,Report,28.8% (95% CI 26.6-31.0%)
education,Education,secondary,skilled_birth,Skilled birth attendance,3673,2618,69.83,1.13,67.61,72.05,Report,69.8% (95% CI 67.6-72.0%)
education,Education,secondary,facility_delivery,Health facility delivery,3633,2460,65.22,1.21,62.85,67.6,Report,65.2% (95% CI 62.9-67.6%)
education,Education,secondary,mother_pnc_2days,Maternal PNC within 2 days,3673,2289,61.69,1.06,59.61,63.77,Report,61.7% (95% CI 59.6-63.8%)
education,Education,secondary,newborn_pnc_2days,Newborn PNC within 2 days,3673,2287,60.36,1.12,58.16,62.56,Report,60.4% (95% CI 58.2-62.6%)
education,Education,secondary,paired_pnc_2days,Mother and newborn both received PNC within 2 days,3673,2100,55.58,1.14,53.34,57.82,Report,55.6% (95% CI 53.3-57.8%)
education,Education,secondary,complete_continuum,Complete continuum,3520,1424,39.36,1.1,37.22,41.51,Report,39.4% (95% CI 37.2-41.5%)
age_group,Age group,15-19,anc_4plus,Four or more ANC contacts,654,248,40.16,2.63,35.01,45.3,Report,40.2% (95% CI 35.0-45.3%)
age_group,Age group,15-19,anc_8plus,Eight or more ANC contacts,654,53,8.49,1.43,5.69,11.28,Report,8.5% (95% CI 5.7-11.3%)
age_group,Age group,15-19,skilled_birth,Skilled birth attendance,666,226,31.92,2.5,27.02,36.81,Report,31.9% (95% CI 27.0-36.8%)
age_group,Age group,15-19,facility_delivery,Health facility delivery,664,221,30.77,2.34,26.19,35.35,Report,30.8% (95% CI 26.2-35.4%)
age_group,Age group,15-19,mother_pnc_2days,Maternal PNC within 2 days,666,219,30.99,2.46,26.17,35.81,Report,31.0% (95% CI 26.2-35.8%)
age_group,Age group,15-19,newborn_pnc_2days,Newborn PNC within 2 days,666,223,31.3,2.49,26.43,36.18,Report,31.3% (95% CI 26.4-36.2%)
age_group,Age group,15-19,paired_pnc_2days,Mother and newborn both received PNC within 2 days,666,190,25.96,2.4,21.26,30.66,Report,26.0% (95% CI 21.3-30.7%)
age_group,Age group,15-19,complete_continuum,Complete continuum,654,86,12.41,1.68,9.12,15.69,Report,12.4% (95% CI 9.1-15.7%)
age_group,Age group,20-24,anc_4plus,Four or more ANC contacts,2365,1186,50.9,1.56,47.85,53.95,Report,50.9% (95% CI 47.9-54.0%)
age_group,Age group,20-24,anc_8plus,Eight or more ANC contacts,2365,333,13.42,0.89,11.68,15.16,Report,13.4% (95% CI 11.7-15.2%)
age_group,Age group,20-24,skilled_birth,Skilled birth attendance,2420,1064,41.74,1.48,38.84,44.64,Report,41.7% (95% CI 38.8-44.6%)
age_group,Age group,20-24,facility_delivery,Health facility delivery,2409,1016,39.75,1.45,36.91,42.6,Report,39.8% (95% CI 36.9-42.6%)
age_group,Age group,20-24,mother_pnc_2days,Maternal PNC within 2 days,2420,1015,40.04,1.31,37.47,42.61,Report,40.0% (95% CI 37.5-42.6%)
age_group,Age group,20-24,newborn_pnc_2days,Newborn PNC within 2 days,2420,1028,39.59,1.24,37.16,42.01,Report,39.6% (95% CI 37.2-42.0%)
age_group,Age group,20-24,paired_pnc_2days,Mother and newborn both received PNC within 2 days,2420,916,34.98,1.24,32.55,37.42,Report,35.0% (95% CI 32.5-37.4%)
age_group,Age group,20-24,complete_continuum,Complete continuum,2365,528,20.39,1.05,18.33,22.45,Report,20.4% (95% CI 18.3-22.4%)
age_group,Age group,25-29,anc_4plus,Four or more ANC contacts,2745,1542,55.35,1.36,52.68,58.02,Report,55.4% (95% CI 52.7-58.0%)
age_group,Age group,25-29,anc_8plus,Eight or more ANC contacts,2745,525,18.31,0.98,16.39,20.24,Report,18.3% (95% CI 16.4-20.2%)
age_group,Age group,25-29,skilled_birth,Skilled birth attendance,2813,1369,46.56,1.33,43.94,49.17,Report,46.6% (95% CI 43.9-49.2%)
age_group,Age group,25-29,facility_delivery,Health facility delivery,2796,1305,44.37,1.34,41.75,47,Report,44.4% (95% CI 41.8-47.0%)
age_group,Age group,25-29,mother_pnc_2days,Maternal PNC within 2 days,2813,1298,44.13,1.3,41.59,46.68,Report,44.1% (95% CI 41.6-46.7%)
age_group,Age group,25-29,newborn_pnc_2days,Newborn PNC within 2 days,2813,1312,44.17,1.28,41.65,46.68,Report,44.2% (95% CI 41.6-46.7%)
age_group,Age group,25-29,paired_pnc_2days,Mother and newborn both received PNC within 2 days,2813,1196,39.94,1.28,37.42,42.45,Report,39.9% (95% CI 37.4-42.5%)
age_group,Age group,25-29,complete_continuum,Complete continuum,2745,785,26.71,1.11,24.54,28.88,Report,26.7% (95% CI 24.5-28.9%)
age_group,Age group,30-34,anc_4plus,Four or more ANC contacts,2287,1344,58.53,1.46,55.68,61.39,Report,58.5% (95% CI 55.7-61.4%)
age_group,Age group,30-34,anc_8plus,Eight or more ANC contacts,2287,479,20.42,1.1,18.27,22.57,Report,20.4% (95% CI 18.3-22.6%)
age_group,Age group,30-34,skilled_birth,Skilled birth attendance,2365,1247,49.88,1.41,47.12,52.63,Report,49.9% (95% CI 47.1-52.6%)
age_group,Age group,30-34,facility_delivery,Health facility delivery,2347,1169,47.21,1.45,44.37,50.06,Report,47.2% (95% CI 44.4-50.1%)
age_group,Age group,30-34,mother_pnc_2days,Maternal PNC within 2 days,2365,1181,48.17,1.38,45.46,50.87,Report,48.2% (95% CI 45.5-50.9%)
age_group,Age group,30-34,newborn_pnc_2days,Newborn PNC within 2 days,2365,1162,46.41,1.38,43.71,49.11,Report,46.4% (95% CI 43.7-49.1%)
age_group,Age group,30-34,paired_pnc_2days,Mother and newborn both received PNC within 2 days,2365,1073,42.96,1.34,40.34,45.59,Report,43.0% (95% CI 40.3-45.6%)
age_group,Age group,30-34,complete_continuum,Complete continuum,2287,717,29.92,1.22,27.52,32.32,Report,29.9% (95% CI 27.5-32.3%)
age_group,Age group,35-39,anc_4plus,Four or more ANC contacts,1410,826,57,1.67,53.72,60.27,Report,57.0% (95% CI 53.7-60.3%)
age_group,Age group,35-39,anc_8plus,Eight or more ANC contacts,1410,278,19.34,1.28,16.83,21.85,Report,19.3% (95% CI 16.8-21.9%)
age_group,Age group,35-39,skilled_birth,Skilled birth attendance,1463,776,50.29,1.77,46.83,53.76,Report,50.3% (95% CI 46.8-53.8%)
age_group,Age group,35-39,facility_delivery,Health facility delivery,1453,747,48.2,1.69,44.89,51.5,Report,48.2% (95% CI 44.9-51.5%)
age_group,Age group,35-39,mother_pnc_2days,Maternal PNC within 2 days,1463,718,47.07,1.69,43.75,50.38,Report,47.1% (95% CI 43.8-50.4%)
age_group,Age group,35-39,newborn_pnc_2days,Newborn PNC within 2 days,1463,717,46.25,1.67,42.99,49.52,Report,46.2% (95% CI 43.0-49.5%)
age_group,Age group,35-39,paired_pnc_2days,Mother and newborn both received PNC within 2 days,1463,651,42.24,1.61,39.08,45.39,Report,42.2% (95% CI 39.1-45.4%)
age_group,Age group,35-39,complete_continuum,Complete continuum,1410,405,27.37,1.42,24.59,30.14,Report,27.4% (95% CI 24.6-30.1%)
age_group,Age group,40-44,anc_4plus,Four or more ANC contacts,632,319,50.22,2.54,45.24,55.2,Report,50.2% (95% CI 45.2-55.2%)
age_group,Age group,40-44,anc_8plus,Eight or more ANC contacts,632,108,15.59,1.57,12.52,18.66,Report,15.6% (95% CI 12.5-18.7%)
age_group,Age group,40-44,skilled_birth,Skilled birth attendance,649,289,40.81,2.45,36,45.61,Report,40.8% (95% CI 36.0-45.6%)
age_group,Age group,40-44,facility_delivery,Health facility delivery,645,282,38.92,2.49,34.04,43.8,Report,38.9% (95% CI 34.0-43.8%)
age_group,Age group,40-44,mother_pnc_2days,Maternal PNC within 2 days,649,260,36.69,2.44,31.91,41.46,Report,36.7% (95% CI 31.9-41.5%)
age_group,Age group,40-44,newborn_pnc_2days,Newborn PNC within 2 days,649,266,36.3,2.44,31.52,41.08,Report,36.3% (95% CI 31.5-41.1%)
age_group,Age group,40-44,paired_pnc_2days,Mother and newborn both received PNC within 2 days,649,239,32.7,2.37,28.05,37.36,Report,32.7% (95% CI 28.1-37.4%)
age_group,Age group,40-44,complete_continuum,Complete continuum,632,153,21.61,2.01,17.67,25.56,Report,21.6% (95% CI 17.7-25.6%)
age_group,Age group,45-49,anc_4plus,Four or more ANC contacts,143,60,42.27,4.46,33.53,51,Report,42.3% (95% CI 33.5-51.0%)
age_group,Age group,45-49,anc_8plus,Eight or more ANC contacts,143,15,10.07,2.84,4.51,15.63,Report,10.1% (95% CI 4.5-15.6%)
age_group,Age group,45-49,skilled_birth,Skilled birth attendance,146,57,33.44,4.28,25.05,41.84,Report,33.4% (95% CI 25.1-41.8%)
age_group,Age group,45-49,facility_delivery,Health facility delivery,146,54,30.66,4.14,22.55,38.78,Report,30.7% (95% CI 22.6-38.8%)
age_group,Age group,45-49,mother_pnc_2days,Maternal PNC within 2 days,146,56,30.21,4.38,21.63,38.8,Report,30.2% (95% CI 21.6-38.8%)
age_group,Age group,45-49,newborn_pnc_2days,Newborn PNC within 2 days,146,57,29.93,4.33,21.45,38.42,Report,29.9% (95% CI 21.4-38.4%)
age_group,Age group,45-49,paired_pnc_2days,Mother and newborn both received PNC within 2 days,146,53,27.55,4.06,19.6,35.5,Report,27.6% (95% CI 19.6-35.5%)
age_group,Age group,45-49,complete_continuum,Complete continuum,143,28,14.74,2.99,8.87,20.61,Report,14.7% (95% CI 8.9-20.6%)
