equity_dimension,equity_category,indicator,unweighted_n,public_weighted_percent,rank_high_to_low,gap_to_best_pp,reporting_status
Zone,north central,Four or more ANC contacts,1864,50.68,4,37.33,Report
Zone,north central,Eight or more ANC contacts,1864,11.46,4,57.36,Report
Zone,north central,Skilled birth attendance,1880,54.2,4,33.94,Report
Zone,north central,Health facility delivery,1868,49.53,4,38.36,Report
Zone,north central,Maternal PNC within 2 days,1880,53.41,4,25.1,Report
Zone,north central,Newborn PNC within 2 days,1880,53.67,4,25.46,Report
Zone,north central,Mother and newborn both received PNC within 2 days,1880,49.66,4,24.71,Report
Zone,north central,Complete continuum,1864,32.54,4,31.06,Report
Zone,north east,Four or more ANC contacts,2268,50.65,5,37.36,Report
Zone,north east,Eight or more ANC contacts,2268,3.98,6,64.84,Report
Zone,north east,Skilled birth attendance,2271,31.48,5,56.66,Report
Zone,north east,Health facility delivery,2269,36.17,5,51.72,Report
Zone,north east,Maternal PNC within 2 days,2271,36.34,5,42.17,Report
Zone,north east,Newborn PNC within 2 days,2271,35.25,5,43.88,Report
Zone,north east,Mother and newborn both received PNC within 2 days,2271,31.34,5,43.03,Report
Zone,north east,Complete continuum,2268,14.08,5,49.52,Report
Zone,north west,Four or more ANC contacts,3249,40.77,6,47.24,Report
Zone,north west,Eight or more ANC contacts,3249,5.49,5,63.33,Report
Zone,north west,Skilled birth attendance,3259,25.02,6,63.12,Report
Zone,north west,Health facility delivery,3256,21.5,6,66.39,Report
Zone,north west,Maternal PNC within 2 days,3259,24.89,6,53.62,Report
Zone,north west,Newborn PNC within 2 days,3259,23.89,6,55.24,Report
Zone,north west,Mother and newborn both received PNC within 2 days,3259,19.81,6,54.56,Report
Zone,north west,Complete continuum,3249,10.35,6,53.25,Report
Zone,south east,Four or more ANC contacts,1043,76.74,2,11.27,Report
Zone,south east,Eight or more ANC contacts,1043,36.64,3,32.18,Report
Zone,south east,Skilled birth attendance,1093,88.14,1,0,Report
Zone,south east,Health facility delivery,1075,87.89,1,0,Report
Zone,south east,Maternal PNC within 2 days,1093,63.09,3,15.42,Report
Zone,south east,Newborn PNC within 2 days,1093,61.74,3,17.39,Report
Zone,south east,Mother and newborn both received PNC within 2 days,1093,58.92,3,15.45,Report
Zone,south east,Complete continuum,1043,45.77,3,17.83,Report
Zone,south south,Four or more ANC contacts,912,75.54,3,12.47,Report
Zone,south south,Eight or more ANC contacts,912,43.61,2,25.21,Report
Zone,south south,Skilled birth attendance,1027,76.23,3,11.91,Report
Zone,south south,Health facility delivery,1013,66.49,3,21.4,Report
Zone,south south,Maternal PNC within 2 days,1027,66.79,2,11.72,Report
Zone,south south,Newborn PNC within 2 days,1027,66.87,2,12.26,Report
Zone,south south,Mother and newborn both received PNC within 2 days,1027,61.32,2,13.05,Report
Zone,south south,Complete continuum,912,46.16,2,17.44,Report
Zone,south west,Four or more ANC contacts,900,88.01,1,0,Report
Zone,south west,Eight or more ANC contacts,900,68.82,1,0,Report
Zone,south west,Skilled birth attendance,992,84.71,2,3.43,Report
Zone,south west,Health facility delivery,979,83.35,2,4.54,Report
Zone,south west,Maternal PNC within 2 days,992,78.51,1,0,Report
Zone,south west,Newborn PNC within 2 days,992,79.13,1,0,Report
Zone,south west,Mother and newborn both received PNC within 2 days,992,74.37,1,0,Report
Zone,south west,Complete continuum,900,63.6,1,0,Report
Residence,rural,Four or more ANC contacts,6428,41.83,2,31.71,Report
Residence,rural,Eight or more ANC contacts,6428,8.26,2,22.87,Report
Residence,rural,Skilled birth attendance,6510,30.03,2,39.64,Report
Residence,rural,Health facility delivery,6478,28.74,2,37.42,Report
Residence,rural,Maternal PNC within 2 days,6510,30.33,2,33.01,Report
Residence,rural,Newborn PNC within 2 days,6510,30.18,2,31.83,Report
Residence,rural,Mother and newborn both received PNC within 2 days,6510,26.45,2,30.79,Report
Residence,rural,Complete continuum,6428,13.34,2,30,Report
Residence,urban,Four or more ANC contacts,3808,73.54,1,0,Report
Residence,urban,Eight or more ANC contacts,3808,31.13,1,0,Report
Residence,urban,Skilled birth attendance,4012,69.67,1,0,Report
Residence,urban,Health facility delivery,3982,66.16,1,0,Report
Residence,urban,Maternal PNC within 2 days,4012,63.34,1,0,Report
Residence,urban,Newborn PNC within 2 days,4012,62.01,1,0,Report
Residence,urban,Mother and newborn both received PNC within 2 days,4012,57.24,1,0,Report
Residence,urban,Complete continuum,3808,43.34,1,0,Report
Wealth quintile,middle,Four or more ANC contacts,1954,54.74,3,35.83,Report
Wealth quintile,middle,Eight or more ANC contacts,1954,12.62,3,39.75,Report
Wealth quintile,middle,Skilled birth attendance,2002,45.81,3,45.71,Report
Wealth quintile,middle,Health facility delivery,1989,41.02,3,48.5,Report
Wealth quintile,middle,Maternal PNC within 2 days,2002,43.02,3,38.56,Report
Wealth quintile,middle,Newborn PNC within 2 days,2002,42.84,3,36.72,Report
Wealth quintile,middle,Mother and newborn both received PNC within 2 days,2002,38.86,3,36.21,Report
Wealth quintile,middle,Complete continuum,1954,22.61,3,43.18,Report
Wealth quintile,poorer,Four or more ANC contacts,2117,40.92,4,49.65,Report
Wealth quintile,poorer,Eight or more ANC contacts,2117,5.46,4,46.91,Report
Wealth quintile,poorer,Skilled birth attendance,2133,25.04,4,66.48,Report
Wealth quintile,poorer,Health facility delivery,2121,25.22,4,64.3,Report
Wealth quintile,poorer,Maternal PNC within 2 days,2133,25.45,4,56.13,Report
Wealth quintile,poorer,Newborn PNC within 2 days,2133,25.86,4,53.7,Report
Wealth quintile,poorer,Mother and newborn both received PNC within 2 days,2133,22.21,4,52.86,Report
Wealth quintile,poorer,Complete continuum,2117,9.56,4,56.23,Report
Wealth quintile,poorest,Four or more ANC contacts,2755,27.54,5,63.03,Report
Wealth quintile,poorest,Eight or more ANC contacts,2755,2.82,5,49.55,Report
Wealth quintile,poorest,Skilled birth attendance,2766,15.55,5,75.97,Report
Wealth quintile,poorest,Health facility delivery,2763,17.35,5,72.17,Report
Wealth quintile,poorest,Maternal PNC within 2 days,2766,22.05,5,59.53,Report
Wealth quintile,poorest,Newborn PNC within 2 days,2766,22.45,5,57.11,Report
Wealth quintile,poorest,Mother and newborn both received PNC within 2 days,2766,18.49,5,56.58,Report
Wealth quintile,poorest,Complete continuum,2755,4.63,5,61.16,Report
Wealth quintile,richer,Four or more ANC contacts,1868,75.75,2,14.82,Report
Wealth quintile,richer,Eight or more ANC contacts,1868,26.77,2,25.6,Report
Wealth quintile,richer,Skilled birth attendance,1962,70.9,2,20.62,Report
Wealth quintile,richer,Health facility delivery,1942,63.45,2,26.07,Report
Wealth quintile,richer,Maternal PNC within 2 days,1962,60.54,2,21.04,Report
Wealth quintile,richer,Newborn PNC within 2 days,1962,58.02,2,21.54,Report
Wealth quintile,richer,Mother and newborn both received PNC within 2 days,1962,53.23,2,21.84,Report
Wealth quintile,richer,Complete continuum,1868,40.49,2,25.3,Report
Wealth quintile,richest,Four or more ANC contacts,1542,90.57,1,0,Report
Wealth quintile,richest,Eight or more ANC contacts,1542,52.37,1,0,Report
Wealth quintile,richest,Skilled birth attendance,1659,91.52,1,0,Report
Wealth quintile,richest,Health facility delivery,1645,89.52,1,0,Report
Wealth quintile,richest,Maternal PNC within 2 days,1659,81.58,1,0,Report
Wealth quintile,richest,Newborn PNC within 2 days,1659,79.56,1,0,Report
Wealth quintile,richest,Mother and newborn both received PNC within 2 days,1659,75.07,1,0,Report
Wealth quintile,richest,Complete continuum,1542,65.79,1,0,Report
Education,higher,Four or more ANC contacts,1061,90.62,1,0,Report
Education,higher,Eight or more ANC contacts,1061,45.93,1,0,Report
Education,higher,Skilled birth attendance,1143,90.85,1,0,Report
Education,higher,Health facility delivery,1137,90.07,1,0,Report
Education,higher,Maternal PNC within 2 days,1143,82.86,1,0,Report
Education,higher,Newborn PNC within 2 days,1143,80.96,1,0,Report
Education,higher,Mother and newborn both received PNC within 2 days,1143,77.5,1,0,Report
Education,higher,Complete continuum,1061,69.66,1,0,Report
Education,no education,Four or more ANC contacts,4513,31.83,4,58.79,Report
Education,no education,Eight or more ANC contacts,4513,3.24,4,42.69,Report
Education,no education,Skilled birth attendance,4534,18.05,4,72.8,Report
Education,no education,Health facility delivery,4528,17.95,4,72.12,Report
Education,no education,Maternal PNC within 2 days,4534,22.12,4,60.74,Report
Education,no education,Newborn PNC within 2 days,4534,22.07,4,58.89,Report
Education,no education,Mother and newborn both received PNC within 2 days,4534,18.54,4,58.96,Report
Education,no education,Complete continuum,4513,6.45,4,63.21,Report
Education,primary,Four or more ANC contacts,1142,55.55,3,35.07,Report
Education,primary,Eight or more ANC contacts,1142,13.65,3,32.28,Report
Education,primary,Skilled birth attendance,1172,42.71,3,48.14,Report
Education,primary,Health facility delivery,1162,38.63,3,51.44,Report
Education,primary,Maternal PNC within 2 days,1172,37.28,3,45.58,Report
Education,primary,Newborn PNC within 2 days,1172,37.68,3,43.28,Report
Education,primary,Mother and newborn both received PNC within 2 days,1172,32.47,3,45.03,Report
Education,primary,Complete continuum,1142,18.41,3,51.25,Report
Education,secondary,Four or more ANC contacts,3520,73.5,2,17.12,Report
Education,secondary,Eight or more ANC contacts,3520,28.79,2,17.14,Report
Education,secondary,Skilled birth attendance,3673,69.83,2,21.02,Report
Education,secondary,Health facility delivery,3633,65.22,2,24.85,Report
Education,secondary,Maternal PNC within 2 days,3673,61.69,2,21.17,Report
Education,secondary,Newborn PNC within 2 days,3673,60.36,2,20.6,Report
Education,secondary,Mother and newborn both received PNC within 2 days,3673,55.58,2,21.92,Report
Education,secondary,Complete continuum,3520,39.36,2,30.3,Report
Age group,15-19,Four or more ANC contacts,654,40.16,7,18.37,Report
Age group,15-19,Eight or more ANC contacts,654,8.49,7,11.93,Report
Age group,15-19,Skilled birth attendance,666,31.92,7,18.37,Report
Age group,15-19,Health facility delivery,664,30.77,6,17.43,Report
Age group,15-19,Maternal PNC within 2 days,666,30.99,6,17.18,Report
Age group,15-19,Newborn PNC within 2 days,666,31.3,6,15.11,Report
Age group,15-19,Mother and newborn both received PNC within 2 days,666,25.96,7,17,Report
Age group,15-19,Complete continuum,654,12.41,7,17.51,Report
Age group,20-24,Four or more ANC contacts,2365,50.9,4,7.63,Report
Age group,20-24,Eight or more ANC contacts,2365,13.42,5,7,Report
Age group,20-24,Skilled birth attendance,2420,41.74,4,8.55,Report
Age group,20-24,Health facility delivery,2409,39.75,4,8.45,Report
Age group,20-24,Maternal PNC within 2 days,2420,40.04,4,8.13,Report
Age group,20-24,Newborn PNC within 2 days,2420,39.59,4,6.82,Report
Age group,20-24,Mother and newborn both received PNC within 2 days,2420,34.98,4,7.98,Report
Age group,20-24,Complete continuum,2365,20.39,5,9.53,Report
Age group,25-29,Four or more ANC contacts,2745,55.35,3,3.18,Report
Age group,25-29,Eight or more ANC contacts,2745,18.31,3,2.11,Report
Age group,25-29,Skilled birth attendance,2813,46.56,3,3.73,Report
Age group,25-29,Health facility delivery,2796,44.37,3,3.83,Report
Age group,25-29,Maternal PNC within 2 days,2813,44.13,3,4.04,Report
Age group,25-29,Newborn PNC within 2 days,2813,44.17,3,2.24,Report
Age group,25-29,Mother and newborn both received PNC within 2 days,2813,39.94,3,3.02,Report
Age group,25-29,Complete continuum,2745,26.71,3,3.21,Report
Age group,30-34,Four or more ANC contacts,2287,58.53,1,0,Report
Age group,30-34,Eight or more ANC contacts,2287,20.42,1,0,Report
Age group,30-34,Skilled birth attendance,2365,49.88,2,0.41,Report
Age group,30-34,Health facility delivery,2347,47.21,2,0.99,Report
Age group,30-34,Maternal PNC within 2 days,2365,48.17,1,0,Report
Age group,30-34,Newborn PNC within 2 days,2365,46.41,1,0,Report
Age group,30-34,Mother and newborn both received PNC within 2 days,2365,42.96,1,0,Report
Age group,30-34,Complete continuum,2287,29.92,1,0,Report
Age group,35-39,Four or more ANC contacts,1410,57,2,1.53,Report
Age group,35-39,Eight or more ANC contacts,1410,19.34,2,1.08,Report
Age group,35-39,Skilled birth attendance,1463,50.29,1,0,Report
Age group,35-39,Health facility delivery,1453,48.2,1,0,Report
Age group,35-39,Maternal PNC within 2 days,1463,47.07,2,1.1,Report
Age group,35-39,Newborn PNC within 2 days,1463,46.25,2,0.16,Report
Age group,35-39,Mother and newborn both received PNC within 2 days,1463,42.24,2,0.72,Report
Age group,35-39,Complete continuum,1410,27.37,2,2.55,Report
Age group,40-44,Four or more ANC contacts,632,50.22,5,8.31,Report
Age group,40-44,Eight or more ANC contacts,632,15.59,4,4.83,Report
Age group,40-44,Skilled birth attendance,649,40.81,5,9.48,Report
Age group,40-44,Health facility delivery,645,38.92,5,9.28,Report
Age group,40-44,Maternal PNC within 2 days,649,36.69,5,11.48,Report
Age group,40-44,Newborn PNC within 2 days,649,36.3,5,10.11,Report
Age group,40-44,Mother and newborn both received PNC within 2 days,649,32.7,5,10.26,Report
Age group,40-44,Complete continuum,632,21.61,4,8.31,Report
Age group,45-49,Four or more ANC contacts,143,42.27,6,16.26,Report
Age group,45-49,Eight or more ANC contacts,143,10.07,6,10.35,Report
Age group,45-49,Skilled birth attendance,146,33.44,6,16.85,Report
Age group,45-49,Health facility delivery,146,30.66,7,17.54,Report
Age group,45-49,Maternal PNC within 2 days,146,30.21,7,17.96,Report
Age group,45-49,Newborn PNC within 2 days,146,29.93,7,16.48,Report
Age group,45-49,Mother and newborn both received PNC within 2 days,146,27.55,6,15.41,Report
Age group,45-49,Complete continuum,143,14.74,6,15.18,Report
