state,zone,indicator,unweighted_n,public_weighted_percent,public_ci_low,public_ci_high,reporting_status,public_estimate
Abia,south east,Four or more ANC contacts,145,83.97,77.37,90.58,Report,84.0% (95% CI 77.4-90.6%)
Abia,south east,Eight or more ANC contacts,145,48.97,36.94,60.99,Report,49.0% (95% CI 36.9-61.0%)
Abia,south east,Skilled birth attendance,154,94.8,91.56,98.04,Report,94.8% (95% CI 91.6-98.0%)
Abia,south east,Health facility delivery,152,87.26,81.74,92.77,Report,87.3% (95% CI 81.7-92.8%)
Abia,south east,Maternal PNC within 2 days,154,66.4,60.57,72.23,Report,66.4% (95% CI 60.6-72.2%)
Abia,south east,Newborn PNC within 2 days,154,65.9,58.24,73.56,Report,65.9% (95% CI 58.2-73.6%)
Abia,south east,Mother and newborn both received PNC within 2 days,154,60.69,53.96,67.41,Report,60.7% (95% CI 54.0-67.4%)
Abia,south east,Complete continuum,145,52.44,46.2,58.68,Report,52.4% (95% CI 46.2-58.7%)
Adamawa,north east,Four or more ANC contacts,350,56.55,47.09,66.01,Report,56.5% (95% CI 47.1-66.0%)
Adamawa,north east,Eight or more ANC contacts,350,2.49,0.62,4.35,Report,2.5% (95% CI 0.6-4.3%)
Adamawa,north east,Skilled birth attendance,351,23.62,14.78,32.45,Report,23.6% (95% CI 14.8-32.5%)
Adamawa,north east,Health facility delivery,351,40.38,30.19,50.58,Report,40.4% (95% CI 30.2-50.6%)
Adamawa,north east,Maternal PNC within 2 days,351,50.85,43.07,58.64,Report,50.9% (95% CI 43.1-58.6%)
Adamawa,north east,Newborn PNC within 2 days,351,58.91,52.28,65.54,Report,58.9% (95% CI 52.3-65.5%)
Adamawa,north east,Mother and newborn both received PNC within 2 days,351,46.31,38.4,54.22,Report,46.3% (95% CI 38.4-54.2%)
Adamawa,north east,Complete continuum,350,11.75,5.67,17.83,Report,11.8% (95% CI 5.7-17.8%)
Akwa Ibom,south south,Four or more ANC contacts,148,66.41,58.52,74.3,Report,66.4% (95% CI 58.5-74.3%)
Akwa Ibom,south south,Eight or more ANC contacts,148,18.97,10.94,27.01,Report,19.0% (95% CI 10.9-27.0%)
Akwa Ibom,south south,Skilled birth attendance,149,51.23,39.56,62.89,Report,51.2% (95% CI 39.6-62.9%)
Akwa Ibom,south south,Health facility delivery,136,42.52,33.03,52.01,Report,42.5% (95% CI 33.0-52.0%)
Akwa Ibom,south south,Maternal PNC within 2 days,149,60.42,52.05,68.78,Report,60.4% (95% CI 52.0-68.8%)
Akwa Ibom,south south,Newborn PNC within 2 days,149,69.17,62.28,76.06,Report,69.2% (95% CI 62.3-76.1%)
Akwa Ibom,south south,Mother and newborn both received PNC within 2 days,149,55.1,46.6,63.61,Report,55.1% (95% CI 46.6-63.6%)
Akwa Ibom,south south,Complete continuum,148,29.97,21.68,38.26,Report,30.0% (95% CI 21.7-38.3%)
Anambra,south east,Four or more ANC contacts,213,84.86,77.62,92.1,Report,84.9% (95% CI 77.6-92.1%)
Anambra,south east,Eight or more ANC contacts,213,54.92,44.63,65.21,Report,54.9% (95% CI 44.6-65.2%)
Anambra,south east,Skilled birth attendance,213,93.04,88.82,97.26,Report,93.0% (95% CI 88.8-97.3%)
Anambra,south east,Health facility delivery,200,88.25,83.28,93.22,Report,88.2% (95% CI 83.3-93.2%)
Anambra,south east,Maternal PNC within 2 days,213,73.17,66.9,79.43,Report,73.2% (95% CI 66.9-79.4%)
Anambra,south east,Newborn PNC within 2 days,213,70.87,64.45,77.28,Report,70.9% (95% CI 64.5-77.3%)
Anambra,south east,Mother and newborn both received PNC within 2 days,213,69.45,62.96,75.93,Report,69.5% (95% CI 63.0-75.9%)
Anambra,south east,Complete continuum,213,62.67,53.87,71.48,Report,62.7% (95% CI 53.9-71.5%)
Bauchi,north east,Four or more ANC contacts,454,46.83,37.01,56.64,Report,46.8% (95% CI 37.0-56.6%)
Bauchi,north east,Eight or more ANC contacts,454,5.2,2.76,7.64,Report,5.2% (95% CI 2.8-7.6%)
Bauchi,north east,Skilled birth attendance,456,27.65,20.27,35.02,Report,27.6% (95% CI 20.3-35.0%)
Bauchi,north east,Health facility delivery,456,30.49,24.21,36.76,Report,30.5% (95% CI 24.2-36.8%)
Bauchi,north east,Maternal PNC within 2 days,456,23.95,17.42,30.47,Report,23.9% (95% CI 17.4-30.5%)
Bauchi,north east,Newborn PNC within 2 days,456,20.1,13.85,26.35,Report,20.1% (95% CI 13.8-26.4%)
Bauchi,north east,Mother and newborn both received PNC within 2 days,456,18.18,12.29,24.08,Report,18.2% (95% CI 12.3-24.1%)
Bauchi,north east,Complete continuum,454,10.08,5.26,14.9,Report,10.1% (95% CI 5.3-14.9%)
Bayelsa,south south,Four or more ANC contacts,147,56.21,41.43,70.99,Report,56.2% (95% CI 41.4-71.0%)
Bayelsa,south south,Eight or more ANC contacts,147,32.59,21.89,43.29,Report,32.6% (95% CI 21.9-43.3%)
Bayelsa,south south,Skilled birth attendance,171,55.98,42.68,69.27,Report,56.0% (95% CI 42.7-69.3%)
Bayelsa,south south,Health facility delivery,171,46.61,31.5,61.73,Report,46.6% (95% CI 31.5-61.7%)
Bayelsa,south south,Maternal PNC within 2 days,171,43.44,30.63,56.26,Report,43.4% (95% CI 30.6-56.3%)
Bayelsa,south south,Newborn PNC within 2 days,171,41.18,29.38,52.97,Report,41.2% (95% CI 29.4-53.0%)
Bayelsa,south south,Mother and newborn both received PNC within 2 days,171,34.76,24.92,44.61,Report,34.8% (95% CI 24.9-44.6%)
Bayelsa,south south,Complete continuum,147,29.13,17.59,40.66,Report,29.1% (95% CI 17.6-40.7%)
Benue,north central,Four or more ANC contacts,218,49.13,40.16,58.1,Report,49.1% (95% CI 40.2-58.1%)
Benue,north central,Eight or more ANC contacts,218,6.02,2.17,9.88,Report,6.0% (95% CI 2.2-9.9%)
Benue,north central,Skilled birth attendance,218,66.59,56.78,76.41,Report,66.6% (95% CI 56.8-76.4%)
Benue,north central,Health facility delivery,217,59.66,48.78,70.54,Report,59.7% (95% CI 48.8-70.5%)
Benue,north central,Maternal PNC within 2 days,218,56.18,47.77,64.59,Report,56.2% (95% CI 47.8-64.6%)
Benue,north central,Newborn PNC within 2 days,218,56.73,49.68,63.77,Report,56.7% (95% CI 49.7-63.8%)
Benue,north central,Mother and newborn both received PNC within 2 days,218,50.96,43.61,58.3,Report,51.0% (95% CI 43.6-58.3%)
Benue,north central,Complete continuum,218,34.15,25.35,42.94,Report,34.1% (95% CI 25.4-42.9%)
Borno,north east,Four or more ANC contacts,347,61.1,53.04,69.16,Report,61.1% (95% CI 53.0-69.2%)
Borno,north east,Eight or more ANC contacts,347,5.02,2.06,7.98,Report,5.0% (95% CI 2.1-8.0%)
Borno,north east,Skilled birth attendance,347,36.66,29.5,43.81,Report,36.7% (95% CI 29.5-43.8%)
Borno,north east,Health facility delivery,347,43.71,33.63,53.78,Report,43.7% (95% CI 33.6-53.8%)
Borno,north east,Maternal PNC within 2 days,347,47.47,39.59,55.36,Report,47.5% (95% CI 39.6-55.4%)
Borno,north east,Newborn PNC within 2 days,347,44.97,37.05,52.9,Report,45.0% (95% CI 37.0-52.9%)
Borno,north east,Mother and newborn both received PNC within 2 days,347,41.5,34.27,48.72,Report,41.5% (95% CI 34.3-48.7%)
Borno,north east,Complete continuum,347,19.37,14.5,24.24,Report,19.4% (95% CI 14.5-24.2%)
Cross River,south south,Four or more ANC contacts,148,79.99,73.8,86.18,Report,80.0% (95% CI 73.8-86.2%)
Cross River,south south,Eight or more ANC contacts,148,44.29,32.74,55.84,Report,44.3% (95% CI 32.7-55.8%)
Cross River,south south,Skilled birth attendance,148,55.45,45.72,65.18,Report,55.5% (95% CI 45.7-65.2%)
Cross River,south south,Health facility delivery,148,58.21,47.88,68.54,Report,58.2% (95% CI 47.9-68.5%)
Cross River,south south,Maternal PNC within 2 days,148,74.64,64.53,84.75,Report,74.6% (95% CI 64.5-84.8%)
Cross River,south south,Newborn PNC within 2 days,148,76.41,66.61,86.21,Report,76.4% (95% CI 66.6-86.2%)
Cross River,south south,Mother and newborn both received PNC within 2 days,148,72.88,62.46,83.3,Report,72.9% (95% CI 62.5-83.3%)
Cross River,south south,Complete continuum,148,44.2,34.76,53.64,Report,44.2% (95% CI 34.8-53.6%)
Delta,south south,Four or more ANC contacts,154,81.02,72.05,89.98,Report,81.0% (95% CI 72.0-90.0%)
Delta,south south,Eight or more ANC contacts,154,57.85,47.45,68.26,Report,57.9% (95% CI 47.5-68.3%)
Delta,south south,Skilled birth attendance,205,81.23,71.05,91.41,Report,81.2% (95% CI 71.0-91.4%)
Delta,south south,Health facility delivery,205,83.48,73.45,93.51,Report,83.5% (95% CI 73.5-93.5%)
Delta,south south,Maternal PNC within 2 days,205,77.25,68.05,86.45,Report,77.2% (95% CI 68.0-86.5%)
Delta,south south,Newborn PNC within 2 days,205,72.38,64.15,80.61,Report,72.4% (95% CI 64.2-80.6%)
Delta,south south,Mother and newborn both received PNC within 2 days,205,69.9,61.39,78.41,Report,69.9% (95% CI 61.4-78.4%)
Delta,south south,Complete continuum,154,59.35,50.09,68.62,Report,59.4% (95% CI 50.1-68.6%)
Ebonyi,south east,Four or more ANC contacts,332,61.73,52.53,70.93,Report,61.7% (95% CI 52.5-70.9%)
Ebonyi,south east,Eight or more ANC contacts,332,12.87,9.54,16.19,Report,12.9% (95% CI 9.5-16.2%)
Ebonyi,south east,Skilled birth attendance,332,73.04,66.64,79.44,Report,73.0% (95% CI 66.6-79.4%)
Ebonyi,south east,Health facility delivery,330,79.21,72.31,86.11,Report,79.2% (95% CI 72.3-86.1%)
Ebonyi,south east,Maternal PNC within 2 days,332,55.93,49.62,62.24,Report,55.9% (95% CI 49.6-62.2%)
Ebonyi,south east,Newborn PNC within 2 days,332,56.2,50.07,62.33,Report,56.2% (95% CI 50.1-62.3%)
Ebonyi,south east,Mother and newborn both received PNC within 2 days,332,54,47.96,60.04,Report,54.0% (95% CI 48.0-60.0%)
Ebonyi,south east,Complete continuum,332,28.99,23.87,34.1,Report,29.0% (95% CI 23.9-34.1%)
Edo,south south,Four or more ANC contacts,119,84.22,77.77,90.67,Report,84.2% (95% CI 77.8-90.7%)
Edo,south south,Eight or more ANC contacts,119,42.29,31.61,52.98,Report,42.3% (95% CI 31.6-53.0%)
Edo,south south,Skilled birth attendance,158,92.51,88.07,96.96,Report,92.5% (95% CI 88.1-97.0%)
Edo,south south,Health facility delivery,158,90.59,85.93,95.25,Report,90.6% (95% CI 85.9-95.2%)
Edo,south south,Maternal PNC within 2 days,158,86.14,79.87,92.41,Report,86.1% (95% CI 79.9-92.4%)
Edo,south south,Newborn PNC within 2 days,158,86.82,80.2,93.44,Report,86.8% (95% CI 80.2-93.4%)
Edo,south south,Mother and newborn both received PNC within 2 days,158,80.65,72.82,88.49,Report,80.7% (95% CI 72.8-88.5%)
Edo,south south,Complete continuum,119,62.71,53.76,71.66,Report,62.7% (95% CI 53.8-71.7%)
Ekiti,south west,Four or more ANC contacts,87,82.33,73.52,91.13,Report,82.3% (95% CI 73.5-91.1%)
Ekiti,south west,Eight or more ANC contacts,87,37.12,24.64,49.59,Report,37.1% (95% CI 24.6-49.6%)
Ekiti,south west,Skilled birth attendance,111,92.78,87.83,97.72,Report,92.8% (95% CI 87.8-97.7%)
Ekiti,south west,Health facility delivery,106,85.45,79.13,91.77,Report,85.5% (95% CI 79.1-91.8%)
Ekiti,south west,Maternal PNC within 2 days,111,77.48,70.14,84.82,Report,77.5% (95% CI 70.1-84.8%)
Ekiti,south west,Newborn PNC within 2 days,111,78.39,70.35,86.44,Report,78.4% (95% CI 70.3-86.4%)
Ekiti,south west,Mother and newborn both received PNC within 2 days,111,71.63,63.69,79.56,Report,71.6% (95% CI 63.7-79.6%)
Ekiti,south west,Complete continuum,87,55.75,47.28,64.22,Report,55.8% (95% CI 47.3-64.2%)
Enugu,south east,Four or more ANC contacts,123,78.61,70.6,86.62,Report,78.6% (95% CI 70.6-86.6%)
Enugu,south east,Eight or more ANC contacts,123,37.75,29.71,45.79,Report,37.8% (95% CI 29.7-45.8%)
Enugu,south east,Skilled birth attendance,156,96.7,93.63,99.77,Report,96.7% (95% CI 93.6-99.8%)
Enugu,south east,Health facility delivery,155,93.63,89.06,98.2,Report,93.6% (95% CI 89.1-98.2%)
Enugu,south east,Maternal PNC within 2 days,156,65.79,54.82,76.76,Report,65.8% (95% CI 54.8-76.8%)
Enugu,south east,Newborn PNC within 2 days,156,62.51,50.38,74.64,Report,62.5% (95% CI 50.4-74.6%)
Enugu,south east,Mother and newborn both received PNC within 2 days,156,59.46,47.78,71.15,Report,59.5% (95% CI 47.8-71.2%)
Enugu,south east,Complete continuum,123,48.97,37.62,60.32,Report,49.0% (95% CI 37.6-60.3%)
Federal Capital Territory,north central,Four or more ANC contacts,161,82.97,77.09,88.84,Report,83.0% (95% CI 77.1-88.8%)
Federal Capital Territory,north central,Eight or more ANC contacts,161,30.41,21.22,39.6,Report,30.4% (95% CI 21.2-39.6%)
Federal Capital Territory,north central,Skilled birth attendance,167,82.58,74.84,90.31,Report,82.6% (95% CI 74.8-90.3%)
Federal Capital Territory,north central,Health facility delivery,165,82.37,72.21,92.53,Report,82.4% (95% CI 72.2-92.5%)
Federal Capital Territory,north central,Maternal PNC within 2 days,167,82.27,73.3,91.24,Report,82.3% (95% CI 73.3-91.2%)
Federal Capital Territory,north central,Newborn PNC within 2 days,167,86.71,78.47,94.96,Report,86.7% (95% CI 78.5-95.0%)
Federal Capital Territory,north central,Mother and newborn both received PNC within 2 days,167,80.29,71.49,89.08,Report,80.3% (95% CI 71.5-89.1%)
Federal Capital Territory,north central,Complete continuum,161,62.97,54.26,71.68,Report,63.0% (95% CI 54.3-71.7%)
Gombe,north east,Four or more ANC contacts,391,39.1,29.06,49.15,Report,39.1% (95% CI 29.1-49.1%)
Gombe,north east,Eight or more ANC contacts,391,1.1,-0.02,2.21,Report,1.1% (95% CI -0.0-2.2%)
Gombe,north east,Skilled birth attendance,391,36.42,28.41,44.44,Report,36.4% (95% CI 28.4-44.4%)
Gombe,north east,Health facility delivery,391,47.16,36.72,57.61,Report,47.2% (95% CI 36.7-57.6%)
Gombe,north east,Maternal PNC within 2 days,391,44.92,35.72,54.12,Report,44.9% (95% CI 35.7-54.1%)
Gombe,north east,Newborn PNC within 2 days,391,46.49,37.02,55.97,Report,46.5% (95% CI 37.0-56.0%)
Gombe,north east,Mother and newborn both received PNC within 2 days,391,42.21,32.83,51.59,Report,42.2% (95% CI 32.8-51.6%)
Gombe,north east,Complete continuum,391,17.73,11.45,24,Report,17.7% (95% CI 11.4-24.0%)
Imo,south east,Four or more ANC contacts,230,87.33,83.51,91.16,Report,87.3% (95% CI 83.5-91.2%)
Imo,south east,Eight or more ANC contacts,230,49.17,43.86,54.47,Report,49.2% (95% CI 43.9-54.5%)
Imo,south east,Skilled birth attendance,238,97.32,94.73,99.9,Report,97.3% (95% CI 94.7-99.9%)
Imo,south east,Health facility delivery,238,96.84,94.65,99.02,Report,96.8% (95% CI 94.7-99.0%)
Imo,south east,Maternal PNC within 2 days,238,61.67,53.01,70.33,Report,61.7% (95% CI 53.0-70.3%)
Imo,south east,Newborn PNC within 2 days,238,59.52,50.07,68.98,Report,59.5% (95% CI 50.1-69.0%)
Imo,south east,Mother and newborn both received PNC within 2 days,238,55.92,46.92,64.93,Report,55.9% (95% CI 46.9-64.9%)
Imo,south east,Complete continuum,230,51.04,42.49,59.58,Report,51.0% (95% CI 42.5-59.6%)
Jigawa,north west,Four or more ANC contacts,523,37.66,32.12,43.2,Report,37.7% (95% CI 32.1-43.2%)
Jigawa,north west,Eight or more ANC contacts,523,1.3,0.37,2.23,Report,1.3% (95% CI 0.4-2.2%)
Jigawa,north west,Skilled birth attendance,523,23.58,18.72,28.45,Report,23.6% (95% CI 18.7-28.4%)
Jigawa,north west,Health facility delivery,523,20.85,16.12,25.58,Report,20.9% (95% CI 16.1-25.6%)
Jigawa,north west,Maternal PNC within 2 days,523,43.86,39.42,48.3,Report,43.9% (95% CI 39.4-48.3%)
Jigawa,north west,Newborn PNC within 2 days,523,41.4,35.76,47.03,Report,41.4% (95% CI 35.8-47.0%)
Jigawa,north west,Mother and newborn both received PNC within 2 days,523,38.48,33.34,43.62,Report,38.5% (95% CI 33.3-43.6%)
Jigawa,north west,Complete continuum,523,8.84,5.3,12.38,Report,8.8% (95% CI 5.3-12.4%)
Kaduna,north west,Four or more ANC contacts,504,59.43,50.93,67.94,Report,59.4% (95% CI 50.9-67.9%)
Kaduna,north west,Eight or more ANC contacts,504,12.97,8.89,17.04,Report,13.0% (95% CI 8.9-17.0%)
Kaduna,north west,Skilled birth attendance,504,35.03,25.63,44.43,Report,35.0% (95% CI 25.6-44.4%)
Kaduna,north west,Health facility delivery,502,25.09,16.48,33.7,Report,25.1% (95% CI 16.5-33.7%)
Kaduna,north west,Maternal PNC within 2 days,504,22.62,15.2,30.04,Report,22.6% (95% CI 15.2-30.0%)
Kaduna,north west,Newborn PNC within 2 days,504,23.57,16.73,30.41,Report,23.6% (95% CI 16.7-30.4%)
Kaduna,north west,Mother and newborn both received PNC within 2 days,504,19.75,13.03,26.46,Report,19.8% (95% CI 13.0-26.5%)
Kaduna,north west,Complete continuum,504,16.82,11.19,22.45,Report,16.8% (95% CI 11.2-22.4%)
Kano,north west,Four or more ANC contacts,566,52.18,45.41,58.95,Report,52.2% (95% CI 45.4-59.0%)
Kano,north west,Eight or more ANC contacts,566,6.69,2.77,10.61,Report,6.7% (95% CI 2.8-10.6%)
Kano,north west,Skilled birth attendance,575,35.66,29.44,41.87,Report,35.7% (95% CI 29.4-41.9%)
Kano,north west,Health facility delivery,574,32.34,26.61,38.07,Report,32.3% (95% CI 26.6-38.1%)
Kano,north west,Maternal PNC within 2 days,575,32.84,27,38.68,Report,32.8% (95% CI 27.0-38.7%)
Kano,north west,Newborn PNC within 2 days,575,30.07,24.55,35.59,Report,30.1% (95% CI 24.6-35.6%)
Kano,north west,Mother and newborn both received PNC within 2 days,575,25.3,19.74,30.86,Report,25.3% (95% CI 19.7-30.9%)
Kano,north west,Complete continuum,566,13.96,10.14,17.78,Report,14.0% (95% CI 10.1-17.8%)
Katsina,north west,Four or more ANC contacts,419,37.24,28.42,46.06,Report,37.2% (95% CI 28.4-46.1%)
Katsina,north west,Eight or more ANC contacts,419,3.14,1.14,5.13,Report,3.1% (95% CI 1.1-5.1%)
Katsina,north west,Skilled birth attendance,420,18.56,12.43,24.7,Report,18.6% (95% CI 12.4-24.7%)
Katsina,north west,Health facility delivery,420,15.33,10.87,19.8,Report,15.3% (95% CI 10.9-19.8%)
Katsina,north west,Maternal PNC within 2 days,420,19.39,14.93,23.84,Report,19.4% (95% CI 14.9-23.8%)
Katsina,north west,Newborn PNC within 2 days,420,17.47,13.45,21.49,Report,17.5% (95% CI 13.4-21.5%)
Katsina,north west,Mother and newborn both received PNC within 2 days,420,13.03,9.46,16.59,Report,13.0% (95% CI 9.5-16.6%)
Katsina,north west,Complete continuum,419,5.78,3.32,8.25,Report,5.8% (95% CI 3.3-8.2%)
Kebbi,north west,Four or more ANC contacts,504,14.03,9.86,18.2,Report,14.0% (95% CI 9.9-18.2%)
Kebbi,north west,Eight or more ANC contacts,504,1.85,0.56,3.15,Report,1.8% (95% CI 0.6-3.1%)
Kebbi,north west,Skilled birth attendance,504,9.81,6.49,13.13,Report,9.8% (95% CI 6.5-13.1%)
Kebbi,north west,Health facility delivery,504,9.1,6.24,11.96,Report,9.1% (95% CI 6.2-12.0%)
Kebbi,north west,Maternal PNC within 2 days,504,11.32,7.52,15.12,Report,11.3% (95% CI 7.5-15.1%)
Kebbi,north west,Newborn PNC within 2 days,504,14.17,9.99,18.35,Report,14.2% (95% CI 10.0-18.4%)
Kebbi,north west,Mother and newborn both received PNC within 2 days,504,9.97,6.34,13.59,Report,10.0% (95% CI 6.3-13.6%)
Kebbi,north west,Complete continuum,504,3.28,1.68,4.88,Report,3.3% (95% CI 1.7-4.9%)
Kogi,north central,Four or more ANC contacts,269,54.26,44.18,64.34,Report,54.3% (95% CI 44.2-64.3%)
Kogi,north central,Eight or more ANC contacts,269,14.12,8.08,20.15,Report,14.1% (95% CI 8.1-20.1%)
Kogi,north central,Skilled birth attendance,270,60.65,51.44,69.86,Report,60.6% (95% CI 51.4-69.9%)
Kogi,north central,Health facility delivery,267,62.74,53.48,72.01,Report,62.7% (95% CI 53.5-72.0%)
Kogi,north central,Maternal PNC within 2 days,270,56.17,46.56,65.79,Report,56.2% (95% CI 46.6-65.8%)
Kogi,north central,Newborn PNC within 2 days,270,55.33,45.49,65.17,Report,55.3% (95% CI 45.5-65.2%)
Kogi,north central,Mother and newborn both received PNC within 2 days,270,51.08,41.8,60.37,Report,51.1% (95% CI 41.8-60.4%)
Kogi,north central,Complete continuum,269,37.44,28.43,46.46,Report,37.4% (95% CI 28.4-46.5%)
Kwara,north central,Four or more ANC contacts,226,51.58,35.99,67.16,Report,51.6% (95% CI 36.0-67.2%)
Kwara,north central,Eight or more ANC contacts,226,29.42,19.43,39.41,Report,29.4% (95% CI 19.4-39.4%)
Kwara,north central,Skilled birth attendance,227,54.4,37.43,71.38,Report,54.4% (95% CI 37.4-71.4%)
Kwara,north central,Health facility delivery,227,50.96,34.73,67.19,Report,51.0% (95% CI 34.7-67.2%)
Kwara,north central,Maternal PNC within 2 days,227,56.95,45.89,68.02,Report,57.0% (95% CI 45.9-68.0%)
Kwara,north central,Newborn PNC within 2 days,227,58.13,47.19,69.07,Report,58.1% (95% CI 47.2-69.1%)
Kwara,north central,Mother and newborn both received PNC within 2 days,227,53.47,42.86,64.08,Report,53.5% (95% CI 42.9-64.1%)
Kwara,north central,Complete continuum,226,36.08,23.01,49.16,Report,36.1% (95% CI 23.0-49.2%)
Lagos,south west,Four or more ANC contacts,175,96.64,92.96,100.32,Report,96.6% (95% CI 93.0-100.3%)
Lagos,south west,Eight or more ANC contacts,175,87.57,80.57,94.57,Report,87.6% (95% CI 80.6-94.6%)
Lagos,south west,Skilled birth attendance,177,86.23,74.43,98.04,Report,86.2% (95% CI 74.4-98.0%)
Lagos,south west,Health facility delivery,177,85.9,75.83,95.98,Report,85.9% (95% CI 75.8-96.0%)
Lagos,south west,Maternal PNC within 2 days,177,87.32,82.25,92.38,Report,87.3% (95% CI 82.2-92.4%)
Lagos,south west,Newborn PNC within 2 days,177,86.47,81.31,91.63,Report,86.5% (95% CI 81.3-91.6%)
Lagos,south west,Mother and newborn both received PNC within 2 days,177,83.21,77.11,89.3,Report,83.2% (95% CI 77.1-89.3%)
Lagos,south west,Complete continuum,175,72.69,61.92,83.46,Report,72.7% (95% CI 61.9-83.5%)
Nasarawa,north central,Four or more ANC contacts,294,65.95,59.3,72.6,Report,66.0% (95% CI 59.3-72.6%)
Nasarawa,north central,Eight or more ANC contacts,294,10.19,6.72,13.66,Report,10.2% (95% CI 6.7-13.7%)
Nasarawa,north central,Skilled birth attendance,294,68.02,59.22,76.82,Report,68.0% (95% CI 59.2-76.8%)
Nasarawa,north central,Health facility delivery,290,54.95,45.41,64.49,Report,55.0% (95% CI 45.4-64.5%)
Nasarawa,north central,Maternal PNC within 2 days,294,68.39,60.46,76.33,Report,68.4% (95% CI 60.5-76.3%)
Nasarawa,north central,Newborn PNC within 2 days,294,65.23,57.74,72.73,Report,65.2% (95% CI 57.7-72.7%)
Nasarawa,north central,Mother and newborn both received PNC within 2 days,294,62.1,54.74,69.47,Report,62.1% (95% CI 54.7-69.5%)
Nasarawa,north central,Complete continuum,294,44.47,37.39,51.55,Report,44.5% (95% CI 37.4-51.5%)
Niger,north central,Four or more ANC contacts,368,34.69,25.44,43.94,Report,34.7% (95% CI 25.4-43.9%)
Niger,north central,Eight or more ANC contacts,368,3.23,1.21,5.26,Report,3.2% (95% CI 1.2-5.3%)
Niger,north central,Skilled birth attendance,368,33.77,24.35,43.2,Report,33.8% (95% CI 24.4-43.2%)
Niger,north central,Health facility delivery,368,30.2,22.04,38.37,Report,30.2% (95% CI 22.0-38.4%)
Niger,north central,Maternal PNC within 2 days,368,32.58,25.85,39.31,Report,32.6% (95% CI 25.9-39.3%)
Niger,north central,Newborn PNC within 2 days,368,35.24,28.78,41.7,Report,35.2% (95% CI 28.8-41.7%)
Niger,north central,Mother and newborn both received PNC within 2 days,368,30.54,24.18,36.91,Report,30.5% (95% CI 24.2-36.9%)
Niger,north central,Complete continuum,368,15.08,8.62,21.54,Report,15.1% (95% CI 8.6-21.5%)
Ogun,south west,Four or more ANC contacts,168,89.96,84.75,95.16,Report,90.0% (95% CI 84.8-95.2%)
Ogun,south west,Eight or more ANC contacts,168,82.49,75.93,89.04,Report,82.5% (95% CI 75.9-89.0%)
Ogun,south west,Skilled birth attendance,206,82.86,76.01,89.72,Report,82.9% (95% CI 76.0-89.7%)
Ogun,south west,Health facility delivery,206,83.58,77.27,89.88,Report,83.6% (95% CI 77.3-89.9%)
Ogun,south west,Maternal PNC within 2 days,206,81.03,74.25,87.81,Report,81.0% (95% CI 74.2-87.8%)
Ogun,south west,Newborn PNC within 2 days,206,81.72,74.88,88.55,Report,81.7% (95% CI 74.9-88.5%)
Ogun,south west,Mother and newborn both received PNC within 2 days,206,76.92,69.15,84.7,Report,76.9% (95% CI 69.2-84.7%)
Ogun,south west,Complete continuum,168,60.1,51.06,69.14,Report,60.1% (95% CI 51.1-69.1%)
Ondo,south west,Four or more ANC contacts,125,72.3,62.54,82.05,Report,72.3% (95% CI 62.5-82.0%)
Ondo,south west,Eight or more ANC contacts,125,35.47,23.35,47.6,Report,35.5% (95% CI 23.4-47.6%)
Ondo,south west,Skilled birth attendance,134,76.11,64.77,87.45,Report,76.1% (95% CI 64.8-87.5%)
Ondo,south west,Health facility delivery,132,84.38,76.11,92.65,Report,84.4% (95% CI 76.1-92.7%)
Ondo,south west,Maternal PNC within 2 days,134,75.87,66.44,85.31,Report,75.9% (95% CI 66.4-85.3%)
Ondo,south west,Newborn PNC within 2 days,134,73.49,62.95,84.03,Report,73.5% (95% CI 63.0-84.0%)
Ondo,south west,Mother and newborn both received PNC within 2 days,134,70.09,59.95,80.22,Report,70.1% (95% CI 60.0-80.2%)
Ondo,south west,Complete continuum,125,52.07,40.76,63.39,Report,52.1% (95% CI 40.8-63.4%)
Osun,south west,Four or more ANC contacts,148,92.72,87.59,97.86,Report,92.7% (95% CI 87.6-97.9%)
Osun,south west,Eight or more ANC contacts,148,72.19,62.13,82.25,Report,72.2% (95% CI 62.1-82.2%)
Osun,south west,Skilled birth attendance,149,91.54,87.44,95.64,Report,91.5% (95% CI 87.4-95.6%)
Osun,south west,Health facility delivery,148,87.49,81.41,93.57,Report,87.5% (95% CI 81.4-93.6%)
Osun,south west,Maternal PNC within 2 days,149,75.28,68.37,82.2,Report,75.3% (95% CI 68.4-82.2%)
Osun,south west,Newborn PNC within 2 days,149,76.5,69.69,83.32,Report,76.5% (95% CI 69.7-83.3%)
Osun,south west,Mother and newborn both received PNC within 2 days,149,70.33,63.3,77.37,Report,70.3% (95% CI 63.3-77.4%)
Osun,south west,Complete continuum,148,64.7,57.76,71.63,Report,64.7% (95% CI 57.8-71.6%)
Oyo,south west,Four or more ANC contacts,197,79.89,71.59,88.18,Report,79.9% (95% CI 71.6-88.2%)
Oyo,south west,Eight or more ANC contacts,197,49.36,42.05,56.67,Report,49.4% (95% CI 42.0-56.7%)
Oyo,south west,Skilled birth attendance,215,83.05,74.09,92.02,Report,83.0% (95% CI 74.1-92.0%)
Oyo,south west,Health facility delivery,210,76.8,69.16,84.44,Report,76.8% (95% CI 69.2-84.4%)
Oyo,south west,Maternal PNC within 2 days,215,68.32,58.94,77.71,Report,68.3% (95% CI 58.9-77.7%)
Oyo,south west,Newborn PNC within 2 days,215,71.45,62.52,80.39,Report,71.5% (95% CI 62.5-80.4%)
Oyo,south west,Mother and newborn both received PNC within 2 days,215,65.58,56.03,75.13,Report,65.6% (95% CI 56.0-75.1%)
Oyo,south west,Complete continuum,197,61.06,51.55,70.57,Report,61.1% (95% CI 51.5-70.6%)
Plateau,north central,Four or more ANC contacts,328,47.59,38.72,56.45,Report,47.6% (95% CI 38.7-56.5%)
Plateau,north central,Eight or more ANC contacts,328,8.93,5.19,12.67,Report,8.9% (95% CI 5.2-12.7%)
Plateau,north central,Skilled birth attendance,336,49.89,40,59.78,Report,49.9% (95% CI 40.0-59.8%)
Plateau,north central,Health facility delivery,334,45.71,34.78,56.64,Report,45.7% (95% CI 34.8-56.6%)
Plateau,north central,Maternal PNC within 2 days,336,56.32,47.69,64.96,Report,56.3% (95% CI 47.7-65.0%)
Plateau,north central,Newborn PNC within 2 days,336,52.88,44.31,61.44,Report,52.9% (95% CI 44.3-61.4%)
Plateau,north central,Mother and newborn both received PNC within 2 days,336,52.64,44.06,61.21,Report,52.6% (95% CI 44.1-61.2%)
Plateau,north central,Complete continuum,328,31.29,23.07,39.5,Report,31.3% (95% CI 23.1-39.5%)
Rivers,south south,Four or more ANC contacts,196,76.48,69.06,83.89,Report,76.5% (95% CI 69.1-83.9%)
Rivers,south south,Eight or more ANC contacts,196,49.74,40.88,58.6,Report,49.7% (95% CI 40.9-58.6%)
Rivers,south south,Skilled birth attendance,196,91.09,85.26,96.93,Report,91.1% (95% CI 85.3-96.9%)
Rivers,south south,Health facility delivery,195,59.11,49.51,68.71,Report,59.1% (95% CI 49.5-68.7%)
Rivers,south south,Maternal PNC within 2 days,196,54.34,45.78,62.89,Report,54.3% (95% CI 45.8-62.9%)
Rivers,south south,Newborn PNC within 2 days,196,54.19,45.81,62.57,Report,54.2% (95% CI 45.8-62.6%)
Rivers,south south,Mother and newborn both received PNC within 2 days,196,50.04,41.9,58.18,Report,50.0% (95% CI 41.9-58.2%)
Rivers,south south,Complete continuum,196,44.35,35.34,53.35,Report,44.4% (95% CI 35.3-53.4%)
Sokoto,north west,Four or more ANC contacts,441,22.75,14.35,31.15,Report,22.8% (95% CI 14.3-31.1%)
Sokoto,north west,Eight or more ANC contacts,441,4.08,1.6,6.56,Report,4.1% (95% CI 1.6-6.6%)
Sokoto,north west,Skilled birth attendance,441,12.41,6.42,18.41,Report,12.4% (95% CI 6.4-18.4%)
Sokoto,north west,Health facility delivery,441,12.44,6.46,18.43,Report,12.4% (95% CI 6.5-18.4%)
Sokoto,north west,Maternal PNC within 2 days,441,11.57,5.98,17.17,Report,11.6% (95% CI 6.0-17.2%)
Sokoto,north west,Newborn PNC within 2 days,441,10.17,5.15,15.19,Report,10.2% (95% CI 5.2-15.2%)
Sokoto,north west,Mother and newborn both received PNC within 2 days,441,9.68,4.62,14.74,Report,9.7% (95% CI 4.6-14.7%)
Sokoto,north west,Complete continuum,441,6.17,2.16,10.18,Report,6.2% (95% CI 2.2-10.2%)
Taraba,north east,Four or more ANC contacts,268,50.55,40.35,60.74,Report,50.5% (95% CI 40.4-60.7%)
Taraba,north east,Eight or more ANC contacts,268,3.17,0.7,5.64,Report,3.2% (95% CI 0.7-5.6%)
Taraba,north east,Skilled birth attendance,268,34.02,22.89,45.15,Report,34.0% (95% CI 22.9-45.1%)
Taraba,north east,Health facility delivery,268,32.81,21.73,43.88,Report,32.8% (95% CI 21.7-43.9%)
Taraba,north east,Maternal PNC within 2 days,268,34.41,26.56,42.27,Report,34.4% (95% CI 26.6-42.3%)
Taraba,north east,Newborn PNC within 2 days,268,32.29,24.76,39.83,Report,32.3% (95% CI 24.8-39.8%)
Taraba,north east,Mother and newborn both received PNC within 2 days,268,30.82,23.44,38.2,Report,30.8% (95% CI 23.4-38.2%)
Taraba,north east,Complete continuum,268,13.77,7.2,20.33,Report,13.8% (95% CI 7.2-20.3%)
Yobe,north east,Four or more ANC contacts,458,48.5,42.83,54.17,Report,48.5% (95% CI 42.8-54.2%)
Yobe,north east,Eight or more ANC contacts,458,3.6,1.03,6.17,Report,3.6% (95% CI 1.0-6.2%)
Yobe,north east,Skilled birth attendance,458,34.44,25.22,43.67,Report,34.4% (95% CI 25.2-43.7%)
Yobe,north east,Health facility delivery,456,31.65,25.3,38,Report,31.6% (95% CI 25.3-38.0%)
Yobe,north east,Maternal PNC within 2 days,458,33.89,25.47,42.32,Report,33.9% (95% CI 25.5-42.3%)
Yobe,north east,Newborn PNC within 2 days,458,32.34,23.86,40.83,Report,32.3% (95% CI 23.9-40.8%)
Yobe,north east,Mother and newborn both received PNC within 2 days,458,29.06,19.7,38.42,Report,29.1% (95% CI 19.7-38.4%)
Yobe,north east,Complete continuum,458,15.68,8.78,22.58,Report,15.7% (95% CI 8.8-22.6%)
Zamfara,north west,Four or more ANC contacts,292,21.46,12.39,30.53,Report,21.5% (95% CI 12.4-30.5%)
Zamfara,north west,Eight or more ANC contacts,292,0,0,0,Report,0.0% (95% CI 0.0-0.0%)
Zamfara,north west,Skilled birth attendance,292,12.36,4.42,20.3,Report,12.4% (95% CI 4.4-20.3%)
Zamfara,north west,Health facility delivery,292,14.58,6.97,22.19,Report,14.6% (95% CI 7.0-22.2%)
Zamfara,north west,Maternal PNC within 2 days,292,18.08,11.33,24.83,Report,18.1% (95% CI 11.3-24.8%)
Zamfara,north west,Newborn PNC within 2 days,292,18.05,11.89,24.22,Report,18.1% (95% CI 11.9-24.2%)
Zamfara,north west,Mother and newborn both received PNC within 2 days,292,10.97,6.8,15.14,Report,11.0% (95% CI 6.8-15.1%)
Zamfara,north west,Complete continuum,292,6.4,2.42,10.37,Report,6.4% (95% CI 2.4-10.4%)
